code,std_code,name,group
F70100026,KR5701000261,한투글로벌넥스트웨이브1(A),BC
F70100027,KR5701000279,한투글로벌넥스트웨이브1(A-e),BC
F70100028,KR5701000287,한투글로벌넥스트웨이브2(A),BC
F70100029,KR5701000295,한투글로벌넥스트웨이브2(A-e),BC
F70100030,KR5701000303,한투한미핵심성장포커스1(A),BC
F70100031,KR5701000311,한투한미핵심성장포커스1(A-e),BC
F70100032,KR5701000329,한투한미핵심성장포커스2(A),BC
F70100033,KR5701000337,한투한미핵심성장포커스2(A-e),BC
F70100034,KR5701000345,한투한미넥스트혁신성장1(A),BC
F70100035,KR5701000352,한투한미넥스트혁신성장1(A-e),BC
F70100036,KR5701000360,한투한미넥스트혁신성장2(A),BC
F70100037,KR5701000378,한투한미넥스트혁신성장2(A-e),BC
F70100038,KR5701000386,한투AI혁신산업1(A-e),BC
F70100039,KR5701000394,한투AI혁신산업2(A),BC
F70100040,KR5701000402,한투AI혁신산업2(A-e),BC
F70100041,KR5701000410,한투AI혁신산업1(A),BC
F70101B95,KR570101B954,밀라노부동산,BC
F70101B96,KR570101B962,벨기에코어오피스2호,BC
F70101B9A,KR570101B9A2,한국투자뉴욕오피스1호,BC
F70102B96,KR570102B960,룩셈부르크코어오피스(파생형)(A),BC
F70103B96,KR570103B968,룩셈부르크코어오피스(파생형)(C-I),BC
F70900001,KR5709000016,대신하이일드공모주알파증권2호 A,BC
F70900002,KR5709000024,대신하이일드공모주알파증권2호 A-e,BC
F71201B98,KR571201B985,키움히어로즈유럽오피스부동산1호 A,BC
F71202B98,KR571202B983,키움히어로즈유럽오피스부동산1호 C-I,BC
F71203B98,KR571203B981,키움히어로즈유럽오피스부동산2호 A,BC
F71204B98,KR571204B989,키움히어로즈유럽오피스부동산2호 C-I,BC
F71205B98,KR571205B986,키움히어로즈유럽오피스부동산3호 A,BC
F71206B98,KR571206B984,키움히어로즈유럽오피스부동산3호 C-I,BC
F71207B98,KR571207B982,키움히어로즈유럽오피스부동산4호 A,BC
F71208B98,KR571208B980,키움히어로즈유럽오피스부동산4호 C-I,BC
F73400008,KR5734000080,코레이트하이일드공모주만기형3호 A,BC
F73400009,KR5734000098,코레이트하이일드공모주만기형3호 A2,BC
F73400010,KR5734000106,코레이트하이일드공모주만기형3호 Ae,BC
F73400011,KR5734000114,코레이트하이일드공모주만기형4호 A,BC
F73400012,KR5734000122,코레이트하이일드공모주만기형4호 Ae,BC
F74201773,KR5742017738,하나대체나사부동산1호,BC
F74201BAA,KR574201BAA6,하나대체미국부동산1호 A,BC
F74202BAA,KR574202BAA4,하나대체미국부동산1호 C-I,BC
F74401777,KR5744017777,맵스미국11호,BC
F74401BAA,KR574401BAA2,맵스미국16호 종류A,BC
F74601669,KR5746016694,KCGI베트남증권투자신탁,BC
F74701776,KR5747017766,이지스코어부동산126호 A,BC
F74701B97,KR574701B973,이지스글로벌281호 Class A,BC
F74701B9A,KR574701B9A8,이지스299호A,BC
F74702776,KR5747027765,이지스코어부동산126호 C-i,BC
F75601BA2,KR575601BA20,유경공모부동산3호ClassA,BC
F75602BA2,KR575602BA29,유경공모부동산3호ClassC-I,BC
F75701BA7,KR575701BA78,현대유퍼스트부동산30호[파생형] A,BC
F75702BA7,KR575702BA77,현대유퍼스트부동산30호[파생형] C-i,BC
F76201BC5,KR576201BC53,이탈리아물류1호 종류A,BC
F77200017,KR5772000174,한국밸류라이프V파워1(A),BC
F77200018,KR5772000182,한국밸류라이프V파워1(A-e),BC
F77200019,KR5772000190,한국밸류라이프V파워1(C-F),BC
F77200020,KR5772000208,한국밸류라이프V파워2(A),BC
F77200021,KR5772000216,한국밸류라이프V파워2(A-e),BC
F77200022,KR5772000224,한국밸류라이프V파워2(C-F),BC
F77200023,KR5772000232,한국밸류코리아기업가치포커스1호A,BC
F77200024,KR5772000240,한국밸류코리아기업가치포커스1호C-F,BC
F77200025,KR5772000257,한국밸류코리아기업가치포커스2호A,BC
F77200026,KR5772000265,한국밸류코리아기업가치포커스1호A-e,BC
F77200027,KR5772000273,한국밸류코리아기업가치포커스2호C-F,BC
F77200028,KR5772000281,한국밸류코리아기업가치포커스2호A-e,BC
F77200029,KR5772000299,한국밸류 K-파워2 1호(A),BC
F77200030,KR5772000307,한국밸류 K-파워2 1호(A-e),BC
F77200031,KR5772000315,한국밸류 K-파워2 2호(C-F),BC
F77200032,KR5772000323,한국밸류 K-파워2 2호(A-e),BC
F77200033,KR5772000331,한국밸류 K-파워2 2호(A),BC
F77200034,KR5772000349,한국밸류 K-파워2 1호(C-F),BC
000020,KR7000020008,동화약품,ST
000040,KR7000040006,KR모터스,ST
000050,KR7000050005,경방,ST
000070,KR7000070003,삼양홀딩스,ST
000080,KR7000080002,하이트진로,ST
000087,KR7000082008,하이트진로2우B,ST
0000D0,KR70000D0009,TIGER 엔비디아미국채커버드콜밸런스(합성),EF
0000H0,KR70000H0005,KODEX 인도Nifty미드캡100,EF
0000J0,KR70000J0003,PLUS 한화그룹주,EF
0000Y0,KR70000Y0004,HK 26-12 회사채(AA-이상)액티브,EF
0000Z0,KR70000Z0003,RISE 바이오TOP10액티브,EF
000100,KR7000100008,유한양행,ST
000105,KR7000101006,유한양행우,ST
000120,KR7000120006,CJ대한통운,ST
000140,KR7000140004,하이트진로홀딩스,ST
000145,KR7000141002,하이트진로홀딩스우,ST
000150,KR7000150003,두산,ST
000155,KR7000151001,두산우,ST
000157,KR7000152009,두산2우B,ST
000180,KR7000180000,성창기업지주,ST
0001P0,KR70001P0004,마이티 바이오시밀러&CDMO액티브,EF
000210,KR7000210005,DL,ST
000215,KR7000211003,DL우,ST
000220,KR7000220004,유유제약,ST
000225,KR7000221002,유유제약1우,ST
000227,KR7000222000,유유제약2우B,ST
000230,KR7000230003,일동홀딩스,ST
000240,KR7000240002,한국앤컴퍼니,ST
000270,KR7000270009,기아,ST
0002C0,KR70002C0008,에셋플러스 인도일등기업포커스20액티브,EF
000300,KR7000300004,DH오토넥스,ST
000320,KR7000320002,노루홀딩스,ST
000325,KR7000321000,노루홀딩스우,ST
000370,KR7000370007,한화손해보험,ST
000390,KR7000390005,SP삼화,ST
000400,KR7000400002,롯데손해보험,ST
000430,KR7000430009,대원강업,ST
000480,KR7000480004,CR홀딩스,ST
000490,KR7000490003,대동,ST
0004G0,KR70004G0002,1Q 미국배당TOP30,EF
000500,KR7000500009,가온전선,ST
000520,KR7000520007,삼일제약,ST
000540,KR7000540005,흥국화재,ST
000545,KR7000541003,흥국화재우,ST
000590,KR7000590000,CS홀딩스,ST
0005A0,KR70005A0007,KODEX 미국S&P500데일리커버드콜OTM,EF
0005C0,KR70005C0005,RISE 미국S&P500엔화노출(합성 H),EF
0005D0,KR70005D0004,SOL 전고체배터리&실리콘음극재,EF
0005G0,KR70005G0001,IBK K-AI반도체코어테크,EF
000640,KR7000640003,동아쏘시오홀딩스,ST
000650,KR7000650002,천일고속,ST
000660,KR7000660001,SK하이닉스,ST
000670,KR7000670000,영풍,ST
000680,KR7000680009,LS네트웍스,ST
000700,KR7000700005,유수홀딩스,ST
000720,KR7000720003,현대건설,ST
000725,KR7000721001,현대건설우,ST
000760,KR7000760009,이화산업,ST
0007F0,KR70007F0000,KODEX 27-12 회사채(AA-이상)액티브,EF
0007G0,KR70007G0009,PLUS 글로벌원자력밸류체인,EF
0007N0,KR70007N0000,아이엠에셋 200,EF
000810,KR7000810002,삼성화재,ST
000815,KR7000811000,삼성화재우,ST
000850,KR7000850008,화천기공,ST
000860,KR7000860007,강남제비스코,ST
000880,KR7000880005,한화,ST
00088K,KR700088K015,한화3우B,ST
000890,KR7000890004,보해양조,ST
0008E0,KR70008E0000,ACE 미국중심중소형제조업,EF
0008S0,KR70008S0004,TIGER 미국배당다우존스타겟데일리커버드콜,EF
0008T0,KR70008T0003,SOL 화장품TOP3플러스,EF
000910,KR7000910000,유니온,ST
000950,KR7000950006,전방,ST
000970,KR7000970004,한국주철관,ST
000990,KR7000990002,DB하이텍,ST
001020,KR7001020007,페이퍼코리아,ST
001040,KR7001040005,CJ,ST
001045,KR7001041003,CJ우,ST
00104K,KR700104K010,CJ4우(전환),ST
001060,KR7001060003,JW중외제약,ST
001065,KR7001061001,JW중외제약우,ST
001067,KR7001062009,JW중외제약2우B,ST
001070,KR7001070002,대한방직,ST
001080,KR7001080001,만호제강,ST
001120,KR7001120005,LX인터내셔널,ST
001130,KR7001130004,대한제분,ST
001200,KR7001200005,유진투자증권,ST
001210,KR7001210004,금호전기,ST
001230,KR7001230002,동국홀딩스,ST
001250,KR7001250000,GS글로벌,ST
001260,KR7001260009,남광토건,ST
001270,KR7001270008,부국증권,ST
001275,KR7001271006,부국증권우,ST
001290,KR7001290006,상상인증권,ST
001340,KR7001340009,PKC,ST
001360,KR7001360007,삼성제약,ST
001380,KR7001380005,SG글로벌,ST
001390,KR7001390004,KG케미칼,ST
0013P0,KR70013P0000,RISE 미국은행TOP10,EF
0013R0,KR70013R0008,RISE 테슬라미국채타겟커버드콜혼합(합성),EF
001420,KR7001420009,태원물산,ST
001430,KR7001430008,세아베스틸지주,ST
001440,KR7001440007,대한전선,ST
001450,KR7001450006,현대해상,ST
001460,KR7001460005,BYC,ST
001465,KR7001461003,BYC우,ST
001470,KR7001470004,삼부토건,ST
001500,KR7001500008,현대차증권,ST
001510,KR7001510007,SK증권,ST
001515,KR7001511005,SK증권우,ST
001520,KR7001520006,동양,ST
001525,KR7001521004,동양우,ST
001527,KR7001522002,동양2우B,ST
001530,KR7001530005,DI동일,ST
001550,KR7001550003,조비,ST
001560,KR7001560002,제일연마,ST
001570,KR7001570001,금양,ST
0015B0,KR70015B0004,KoAct 미국나스닥성장기업액티브,EF
0015E0,KR70015E0001,KIWOOM 엔비디아미국30년국채혼합액티브(H),EF
0015F0,KR70015F0000,KIWOOM 팔란티어미국30년국채혼합액티브(H),EF
0015K0,KR70015K0003,TIGER 미국소비트렌드액티브,EF
001620,KR7001620004,케이비아이동국실업,ST
001630,KR7001630003,종근당홀딩스,ST
001680,KR7001680008,대상,ST
001685,KR7001681006,대상우,ST
0016X0,KR70016X0007,SOL 중단기회사채(A-이상)액티브,EF
001720,KR7001720002,신영증권,ST
001740,KR7001740000,SK네트웍스,ST
001750,KR7001750009,한양증권,ST
001755,KR7001751007,한양증권우,ST
001770,KR7001770007,SHD,ST
001780,KR7001780006,알루코,ST
001790,KR7001790005,대한제당,ST
001795,KR7001791003,대한제당우,ST
0017Y0,KR70017Y0005,1Q 종합채권(AA-이상)액티브,EF
001800,KR7001800002,오리온홀딩스,ST
001820,KR7001820000,삼화콘덴서,ST
0018C0,KR70018C0000,PLUS 고배당주위클리고정커버드콜,EF
0018Z0,KR70018Z0003,RISE 미국양자컴퓨팅,EF
001940,KR7001940006,KISCO홀딩스,ST
0019K0,KR70019K0009,TIME 미국나스닥100채권혼합50액티브,EF
002020,KR7002020006,코오롱,ST
002025,KR7002021004,코오롱우,ST
002030,KR7002030005,아세아,ST
002070,KR7002070001,비비안,ST
0020H0,KR70020H0001,KoAct 글로벌양자컴퓨팅액티브,EF
002100,KR7002100006,경농,ST
002140,KR7002140002,고려산업,ST
002150,KR7002150001,도화엔지니어링,ST
002170,KR7002170009,SYTS,ST
0021C0,KR70021C0005,ACE TDF장기자산배분액티브,EF
0021D0,KR70021D0004,ACE TDF2030액티브 적격,EF
0021E0,KR70021E0003,ACE TDF2050액티브 적격,EF
002200,KR7002200004,한국수출포장,ST
002210,KR7002210003,동성제약,ST
002220,KR7002220002,한일철강,ST
002240,KR7002240000,고려제강,ST
0022T0,KR70022T0005,SOL 국제금커버드콜액티브,EF
002310,KR7002310001,아세아제지,ST
002320,KR7002320000,한진,ST
002350,KR7002350007,넥센타이어,ST
002355,KR7002351005,넥센타이어1우B,ST
002360,KR7002360006,SH에너지화학,ST
002380,KR7002380004,KCC,ST
002390,KR7002390003,한독,ST
0023A0,KR70023A0005,SOL 미국양자컴퓨팅TOP10,EF
0023B0,KR70023B0004,PLUS 미국양자컴퓨팅TOP10,EF
002410,KR7002410009,범양건영,ST
002420,KR7002420008,세기상사,ST
002450,KR7002450005,삼익악기,ST
002460,KR7002460004,HS화성,ST
0025N0,KR70025N0008,TIGER TDF2045 적격,EF
002600,KR7002600005,조흥,ST
002620,KR7002620003,제일파마홀딩스,ST
002630,KR7002630002,오리엔트바이오,ST
002690,KR7002690006,동일제강,ST
0026E0,KR70026E0008,KODEX 미국S&P500버퍼3월액티브,EF
0026S0,KR70026S0002,1Q 미국S&P500,EF
002700,KR7002700003,신일전자,ST
002710,KR7002710002,TCC스틸,ST
002720,KR7002720001,국제약품,ST
002760,KR7002760007,보락,ST
002780,KR7002780005,진흥기업,ST
002785,KR7002781003,진흥기업우B,ST
002787,KR7002782001,진흥기업2우B,ST
002790,KR7002790004,아모레퍼시픽홀딩스,ST
002795,KR7002791002,아모레퍼시픽홀딩스우,ST
00279K,KR700279K010,아모레퍼시픽홀딩스3우C,ST
002810,KR7002810000,삼영무역,ST
002820,KR7002820009,SUN&L,ST
002840,KR7002840007,미원상사,ST
002870,KR7002870004,신풍,ST
002880,KR7002880003,디와이에이,ST
0028X0,KR70028X0003,KODEX 미국금융테크액티브,EF
002900,KR7002900009,TYM,ST
002920,KR7002920007,유성기업,ST
002960,KR7002960003,한국쉘석유,ST
002990,KR7002990000,금호건설,ST
002995,KR7002991008,금호건설우,ST
003000,KR7003000007,부광약품,ST
003010,KR7003010006,혜인,ST
003030,KR7003030004,세아제강지주,ST
003060,KR7003060001,에이프로젠바이오로직스,ST
003070,KR7003070000,코오롱글로벌,ST
003075,KR7003071008,코오롱글로벌우,ST
003080,KR7003080009,SB성보,ST
003090,KR7003090008,대웅,ST
0030R0,KR70030R0007,대신밸류리츠,RT
003120,KR7003120003,일성아이에스,ST
003160,KR7003160009,디아이,ST
003200,KR7003200003,일신방직,ST
003220,KR7003220001,대원제약,ST
003230,KR7003230000,삼양식품,ST
003240,KR7003240009,태광산업,ST
003280,KR7003280005,흥아해운,ST
003300,KR7003300001,한일홀딩스,ST
003350,KR7003350006,한국화장품제조,ST
003460,KR7003460003,유화증권,ST
003465,KR7003461001,유화증권우,ST
003470,KR7003470002,유안타증권,ST
003475,KR7003471000,유안타증권우,ST
003480,KR7003480001,한진중공업홀딩스,ST
003490,KR7003490000,대한항공,ST
003495,KR7003491008,대한항공우,ST
003520,KR7003520004,영진약품,ST
003530,KR7003530003,한화투자증권,ST
003535,KR7003531001,한화투자증권우,ST
003540,KR7003540002,대신증권,ST
003545,KR7003541000,대신증권우,ST
003547,KR7003542008,대신증권2우B,ST
003550,KR7003550001,LG,ST
003555,KR7003551009,LG우,ST
003570,KR7003570009,SNT다이내믹스,ST
003580,KR7003580008,HLB글로벌,ST
0035T0,KR70035T0000,PLUS 글로벌휴머노이드로봇액티브,EF
003610,KR7003610003,방림,ST
003620,KR7003620002,KG모빌리티,ST
003650,KR7003650009,미창석유,ST
003670,KR7003670007,포스코퓨처엠,ST
003680,KR7003680006,한성기업,ST
003690,KR7003690005,코리안리,ST
0036D0,KR70036D0007,TIME 미국배당다우존스액티브,EF
0036R0,KR70036R0001,RISE 미국휴머노이드로봇,EF
0036Z0,KR70036Z0001,RISE 미국천연가스밸류체인,EF
003720,KR7003720000,삼영,ST
003780,KR7003780004,진양산업,ST
003830,KR7003830007,대한화섬,ST
003850,KR7003850005,보령,ST
0038A0,KR70038A0008,KODEX 미국휴머노이드로봇,EF
003920,KR7003920006,남양유업,ST
003925,KR7003921004,남양유업우,ST
003960,KR7003960002,사조대림,ST
004000,KR7004000006,롯데정밀화학,ST
004020,KR7004020004,현대제철,ST
004060,KR7004060000,SG세계물산,ST
004080,KR7004080008,신흥,ST
004090,KR7004090007,한국석유,ST
0040S0,KR70040S0004,HANARO 글로벌피지컬AI액티브,EF
0040X0,KR70040X0007,SOL 팔란티어미국채커버드콜혼합,EF
0040Y0,KR70040Y0006,SOL 팔란티어커버드콜OTM채권혼합,EF
004100,KR7004100004,태양금속,ST
004105,KR7004101002,태양금속우,ST
004140,KR7004140000,동방,ST
004150,KR7004150009,한솔홀딩스,ST
004170,KR7004170007,신세계,ST
0041D0,KR70041D0000,KODEX 미국AI소프트웨어TOP10,EF
0041E0,KR70041E0009,KODEX 미국S&P500액티브,EF
004250,KR7004250007,NPC,ST
004255,KR7004251005,NPC우,ST
004270,KR7004270005,남성,ST
004310,KR7004310009,현대약품,ST
004360,KR7004360004,세방,ST
004365,KR7004361002,세방우,ST
004370,KR7004370003,농심,ST
004380,KR7004380002,삼익THK,ST
0043B0,KR70043B0000,TIGER 머니마켓액티브,EF
0043Y0,KR70043Y0003,TIME 차이나AI테크액티브,EF
004410,KR7004410007,서울식품,ST
004415,KR7004411005,서울식품우,ST
004430,KR7004430005,송원산업,ST
004440,KR7004440004,삼일씨엔에스,ST
004450,KR7004450003,삼화왕관,ST
004490,KR7004490009,세방전지,ST
004540,KR7004540001,깨끗한나라,ST
004545,KR7004541009,깨끗한나라우,ST
004560,KR7004560009,현대비앤지스틸,ST
004690,KR7004690004,삼천리,ST
0046A0,KR70046A0008,TIGER 미국초단기(3개월이하)국채,EF
0046Y0,KR70046Y0000,ACE 미국배당퀄리티,EF
004700,KR7004700001,조광피혁,ST
004710,KR7004710000,한솔테크닉스,ST
004720,KR7004720009,팜젠사이언스,ST
004770,KR7004770004,써니전자,ST
0047A0,KR70047A0007,TIGER 차이나테크TOP10,EF
0047N0,KR70047N0002,PLUS 차이나AI테크TOP10,EF
0047P0,KR70047P0000,RISE 테슬라고정테크100,EF
0047R0,KR70047R0008,RISE 팔란티어고정테크100,EF
004800,KR7004800009,효성,ST
004830,KR7004830006,덕성,ST
004835,KR7004831004,덕성우,ST
004840,KR7004840005,DRB동일,ST
004870,KR7004870002,티웨이홀딩스,ST
004890,KR7004890000,동일산업,ST
0048J0,KR70048J0007,KODEX 미국머니마켓액티브,EF
0048K0,KR70048K0004,KODEX 차이나휴머노이드로봇,EF
004910,KR7004910006,조광페인트,ST
004920,KR7004920005,씨아이테크,ST
004960,KR7004960001,한신공영,ST
004970,KR7004970000,신라교역,ST
004980,KR7004980009,성신양회,ST
004985,KR7004981007,성신양회우,ST
004990,KR7004990008,롯데지주,ST
00499K,KR700499K014,롯데지주우,ST
0049K0,KR70049K0003,ACE 미국배당퀄리티채권혼합50,EF
0049M0,KR70049M0001,ACE 미국배당퀄리티+커버드콜액티브,EF
005010,KR7005010004,휴스틸,ST
005030,KR7005030002,부산주공,ST
005070,KR7005070008,코스모신소재,ST
005090,KR7005090006,SGC에너지,ST
0050E0,KR70050E0007,PLUS 미국AI에이전트,EF
005110,KR7005110002,한창,ST
005180,KR7005180005,빙그레,ST
0051A0,KR70051A0000,KoAct 브로드컴밸류체인액티브,EF
0051G0,KR70051G0004,SOL 미국원자력SMR,EF
005250,KR7005250006,녹십자홀딩스,ST
005257,KR7005252002,녹십자홀딩스2우,ST
0052D0,KR70052D0006,TIGER 코리아배당다우존스,EF
0052S0,KR70052S0009,1Q 미국S&P500미국채혼합50액티브,EF
0052T0,KR70052T0008,1Q 중단기회사채(A-이상)액티브,EF
005300,KR7005300009,롯데칠성,ST
005305,KR7005301007,롯데칠성우,ST
005320,KR7005320007,온타이드,ST
005360,KR7005360003,모나미,ST
005380,KR7005380001,현대차,ST
005385,KR7005381009,현대차우,ST
005387,KR7005382007,현대차2우B,ST
005389,KR7005383005,현대차3우B,ST
0053L0,KR70053L0005,TIGER 차이나휴머노이드로봇,EF
0053M0,KR70053M0004,더제이 중소형포커스액티브,EF
005420,KR7005420005,코스모화학,ST
005430,KR7005430004,한국공항,ST
005440,KR7005440003,현대지에프홀딩스,ST
005490,KR7005490008,POSCO홀딩스,ST
005500,KR7005500004,삼진제약,ST
005610,KR7005610001,삼립,ST
005680,KR7005680004,삼영전자,ST
005690,KR7005690003,파미셀,ST
005720,KR7005720008,넥센,ST
005725,KR7005721006,넥센우,ST
005740,KR7005740006,크라운해태홀딩스,ST
005745,KR7005741004,크라운해태홀딩스우,ST
005750,KR7005750005,대림바스,ST
0057H0,KR70057H0007,PLUS 미국S&P500미국채혼합50액티브,EF
005800,KR7005800008,신영와코루,ST
005810,KR7005810007,풍산홀딩스,ST
005820,KR7005820006,원림,ST
005830,KR7005830005,DB손해보험,ST
005850,KR7005850003,에스엘,ST
005870,KR7005870001,휴니드,ST
005880,KR7005880000,대한해운,ST
005930,KR7005930003,삼성전자,ST
005935,KR7005931001,삼성전자우,ST
005940,KR7005940002,NH투자증권,ST
005945,KR7005941000,NH투자증권우,ST
005950,KR7005950001,이수화학,ST
005960,KR7005960000,동부건설,ST
005965,KR7005961008,동부건설우,ST
006040,KR7006040000,동원산업,ST
006060,KR7006060008,화승인더,ST
006090,KR7006090005,사조오양,ST
0060H0,KR70060H0002,TIGER 토탈월드스탁액티브,EF
006110,KR7006110001,삼아알미늄,ST
006120,KR7006120000,SK디스커버리,ST
006125,KR7006121008,SK디스커버리우,ST
0061Z0,KR70061Z0009,RISE 단기특수은행채액티브,EF
006200,KR7006200000,한국전자홀딩스,ST
006220,KR7006220008,제주은행,ST
006260,KR7006260004,LS,ST
006280,KR7006280002,녹십자,ST
006340,KR7006340004,대원전선,ST
006345,KR7006341002,대원전선우,ST
006360,KR7006360002,GS건설,ST
006370,KR7006370001,대구백화점,ST
006380,KR7006380000,카프로,ST
006400,KR7006400006,삼성SDI,ST
006405,KR7006401004,삼성SDI우,ST
006490,KR7006490007,프리티,ST
0064K0,KR70064K0003,KODEX 금액티브,EF
006570,KR7006570006,대림통상,ST
0065G0,KR70065G0008,KODEX 차이나테크TOP10,EF
006650,KR7006650006,대한유화,ST
006660,KR7006660005,삼성공조,ST
0066W0,KR70066W0007,SOL 국제금,EF
006740,KR7006740005,블루산업개발,ST
0067V0,KR70067V0007,TIGER 차이나글로벌리더스TOP3+,EF
0067Y0,KR70067Y0004,TIGER 차이나AI소프트웨어,EF
006800,KR7006800007,미래에셋증권,ST
006805,KR7006801005,미래에셋증권우,ST
00680K,KR700680K019,미래에셋증권2우B,ST
006840,KR7006840003,AK홀딩스,ST
006880,KR7006880009,신송홀딩스,ST
006890,KR7006890008,태경케미컬,ST
0068M0,KR70068M0007,KODEX 미국S&P500버퍼6월액티브,EF
006980,KR7006980007,우성,ST
0069M0,KR70069M0006,1Q 미국나스닥100,EF
007070,KR7007070006,GS리테일,ST
007110,KR7007110000,일신석재,ST
007120,KR7007120009,미래아이앤지,ST
007160,KR7007160005,사조산업,ST
007210,KR7007210008,벽산,ST
007280,KR7007280001,한국특강,ST
0072R0,KR70072R0006,TIGER KRX금현물,EF
007310,KR7007310006,오뚜기,ST
007340,KR7007340003,DN오토모티브,ST
0073X0,KR70073X0007,FOCUS 알리바바미국채커버드콜혼합,EF
007460,KR7007460009,에이프로젠,ST
0074K0,KR70074K0001,KoAct K수출핵심기업TOP30액티브,EF
007540,KR7007540008,샘표,ST
007570,KR7007570005,일양약품,ST
007575,KR7007571003,일양약품우,ST
007590,KR7007590003,동방아그로,ST
007610,KR7007610009,선도전기,ST
007660,KR7007660004,이수페타시스,ST
007690,KR7007690001,국도화학,ST
007700,KR7007700008,F&F홀딩스,ST
007810,KR7007810005,코리아써키트,ST
007815,KR7007811003,코리아써우,ST
00781K,KR700781K015,코리아써키트2우B,ST
007860,KR7007860000,서연,ST
0078V0,KR70078V0004,PLUS 미국로보택시,EF
007980,KR7007980006,TP,ST
0079X0,KR70079X0001,ACE BYD밸류체인액티브,EF
008040,KR7008040008,사조동아원,ST
008060,KR7008060006,대덕,ST
00806K,KR700806K010,대덕1우,ST
0080G0,KR70080G0009,KODEX 방산TOP10,EF
0080X0,KR70080X0008,SOL 미국S&P500미국채혼합50,EF
0080Y0,KR70080Y0007,SOL 조선TOP3플러스레버리지,EF
008250,KR7008250003,이건산업,ST
008260,KR7008260002,NI스틸,ST
0082F0,KR70082F0008,HANARO 유럽방산,EF
0082V0,KR70082V0008,KODEX TDF2060액티브 적격,EF
008350,KR7008350001,남선알미늄,ST
008355,KR7008351009,남선알미우,ST
0083S0,KR70083S0002,1Q 미국메디컬AI,EF
008420,KR7008420002,문배철강,ST
008490,KR7008490005,서흥,ST
0084D0,KR70084D0008,KIWOOM 미국테크100월간목표헤지액티브,EF
0084E0,KR70084E0007,KIWOOM 미국대형주500월간목표헤지액티브,EF
008500,KR7008500001,일정실업,ST
0085N0,KR70085N0005,ACE 미국10년국채액티브(H),EF
0085P0,KR70085P0003,ACE 미국10년국채액티브,EF
008600,KR7008600009,윌비스,ST
0086B0,KR70086B0008,TIGER 리츠부동산인프라TOP10액티브,EF
0086C0,KR70086C0007,TIGER 리츠부동산인프라10채권혼합액티브,EF
008700,KR7008700007,아남전자,ST
008730,KR7008730004,율촌화학,ST
008770,KR7008770000,호텔신라,ST
008775,KR7008771008,호텔신라우,ST
0087F0,KR70087F0003,ACE 차이나AI빅테크TOP2+액티브,EF
008870,KR7008870008,금비,ST
0088N0,KR70088N0002,WON K-글로벌수급상위,EF
008930,KR7008930000,한미사이언스,ST
008970,KR7008970006,KBI동양철관,ST
0089B0,KR70089B0005,PLUS 미국나스닥100미국채혼합50,EF
0089C0,KR70089C0004,KODEX 미국S&P500변동성확대시커버드콜,EF
0089D0,KR70089D0003,KODEX 금융고배당TOP10,EF
009070,KR7009070004,KCTC,ST
0090B0,KR70090B0002,PLUS K방산소부장,EF
009140,KR7009140005,경인전자,ST
009150,KR7009150004,삼성전기,ST
009155,KR7009151002,삼성전기우,ST
009160,KR7009160003,SIMPAC,ST
009180,KR7009180001,한솔로지스틱스,ST
009190,KR7009190000,대양금속,ST
0091C0,KR70091C0000,KODEX 미국10년국채액티브(H),EF
0091M0,KR70091M0008,HANARO 27-06 회사채(AA-이상)액티브,EF
0091P0,KR70091P0005,TIGER 코리아원자력,EF
009200,KR7009200007,무림페이퍼,ST
009240,KR7009240003,한샘,ST
009270,KR7009270000,신원,ST
009290,KR7009290008,광동제약,ST
0092B0,KR70092B0000,SOL 한국원자력SMR,EF
0092C0,KR70092C0009,SOL 27-12 회사채(AA-이상)액티브,EF
009310,KR7009310004,참엔지니어링,ST
009320,KR7009320003,아진전자부품,ST
0093A0,KR70093A0000,RISE AI반도체TOP10,EF
0093B0,KR70093B0009,RISE 엔비디아고정테크100,EF
0093D0,KR70093D0007,KoAct 팔란티어밸류체인액티브,EF
009410,KR7009410002,태영건설,ST
009415,KR7009411000,태영건설우,ST
009420,KR7009420001,한올바이오파마,ST
009440,KR7009440009,KC그린홀딩스,ST
009450,KR7009450008,경동나비엔,ST
009460,KR7009460007,한창제지,ST
009470,KR7009470006,삼화전기,ST
0094K0,KR70094K0007,TIGER 28-04 회사채(A+이상)액티브,EF
0094L0,KR70094L0006,RISE 차이나테크TOP10위클리타겟커버드콜,EF
0094M0,KR70094M0005,RISE 코리아밸류업위클리고정커버드콜,EF
0094X0,KR70094X0002,1Q 샤오미밸류체인액티브,EF
009540,KR7009540006,HD한국조선해양,ST
009580,KR7009580002,무림P&P,ST
009680,KR7009680000,모토닉,ST
009770,KR7009770009,삼정펄프,ST
0097L0,KR70097L0003,KIWOOM 한국고배당&미국AI테크,EF
009810,KR7009810003,플레이그램,ST
009830,KR7009830001,한화솔루션,ST
009835,KR7009831009,한화솔루션우,ST
0098F0,KR70098F0000,KODEX 원자력SMR,EF
0098N0,KR70098N0000,PLUS 자사주매입고배당주,EF
0098Z0,KR70098Z0006,FOCUS 200,EF
009900,KR7009900002,명신산업,ST
009970,KR7009970005,영원무역홀딩스,ST
0099L0,KR70099L0001,ACE 우량회사채(AA-이상)액티브,EF
010040,KR7010040004,한국내화,ST
010060,KR7010060002,OCI홀딩스,ST
0100K0,KR70100K0009,KODEX 방산TOP10레버리지,EF
010100,KR7010100006,한국무브넥스,ST
010120,KR7010120004,LS ELECTRIC,ST
010130,KR7010130003,고려아연,ST
010140,KR7010140002,삼성중공업,ST
0101N0,KR70101N0005,RISE AI전력인프라,EF
0102A0,KR70102A0009,TIGER 미국AI소프트웨어TOP4Plus,EF
0102X0,KR70102X0002,ACE 유럽방산TOP10,EF
0103T0,KR70103T0007,1Q K소버린AI,EF
010400,KR7010400000,우진아이엔에스,ST
0104G0,KR70104G0001,PLUS K방산레버리지,EF
0104H0,KR70104H0000,KoAct 미국나스닥채권혼합50액티브,EF
0104N0,KR70104N0002,TIGER 200타겟위클리커버드콜,EF
0104P0,KR70104P0000,TIGER 코리아배당다우존스위클리커버드콜,EF
010580,KR7010580009,에스엠벡셀,ST
0105D0,KR70105D0003,SOL 한국AI소프트웨어,EF
0105E0,KR70105E0002,SOL 코리아고배당,EF
010640,KR7010640001,진양폴리,ST
010660,KR7010660009,화천기계,ST
010690,KR7010690006,화신,ST
0106J0,KR70106J0006,대신 KOSPI200인덱스 X클래스,PF
010770,KR7010770006,평화홀딩스,ST
010780,KR7010780005,아이에스동서,ST
0107F0,KR70107F0009,KIWOOM 미국고배당&AI테크,EF
010820,KR7010820009,퍼스텍,ST
010950,KR7010950004,S-Oil,ST
010955,KR7010951002,S-Oil우,ST
010960,KR7010960003,삼호개발,ST
011000,KR7011000007,진원생명과학,ST
011070,KR7011070000,LG이노텍,ST
011090,KR7011090008,에넥스,ST
011150,KR7011150000,CJ씨푸드,ST
011155,KR7011151008,CJ씨푸드1우,ST
011170,KR7011170008,롯데케미칼,ST
0111J0,KR70111J0009,HANARO 증권고배당TOP3플러스,EF
0111P0,KR70111P0001,1Q 미국나스닥100미국채혼합50액티브,EF
011200,KR7011200003,HMM,ST
011210,KR7011210002,현대위아,ST
011230,KR7011230000,삼화전자,ST
011280,KR7011280005,태림포장,ST
0112X0,KR70112X0000,마이티 200TR,EF
011300,KR7011300001,우성머티리얼스,ST
011330,KR7011330008,유니켐,ST
011390,KR7011390002,부산산업,ST
0113D0,KR70113D0003,TIME 글로벌탑픽액티브,EF
0113G0,KR70113G0000,KoAct 미국바이오헬스케어액티브,EF
0113P0,KR70113P0009,HK 머니마켓액티브,EF
011420,KR7011420007,갤럭시아에스엠,ST
0114X0,KR70114X0008,RISE 글로벌게임테크TOP3Plus,EF
011500,KR7011500006,한농화성,ST
0115C0,KR70115C0002,RISE 미국고배당다우존스TOP10,EF
0115D0,KR70115D0001,KODEX 조선TOP10,EF
0115E0,KR70115E0000,KODEX 코리아소버린AI,EF
011690,KR7011690005,와이투솔루션,ST
011700,KR7011700002,한신기계,ST
011760,KR7011760006,현대코퍼레이션,ST
011780,KR7011780004,금호석유화학,ST
011785,KR7011781002,금호석유화학우,ST
011790,KR7011790003,SKC,ST
0117L0,KR70117L0009,KODEX 26-12 금융채(AA-이상)액티브,EF
0117V0,KR70117V0007,TIGER 코리아AI전력기기TOP3플러스,EF
011810,KR7011810009,STX,ST
0118S0,KR70118S0001,SOL 미국넥스트테크TOP10액티브,EF
0118Z0,KR70118Z0002,ACE 미국AI테크핵심산업액티브,EF
011930,KR7011930005,신성이엔지,ST
0119H0,KR70119H0003,KODEX 28-12 회사채(AA-이상)액티브,EF
012030,KR7012030003,DB,ST
0120G0,KR70120G0001,삼양바이오팜,ST
0120J0,KR70120J0008,BNK 카카오그룹포커스,EF
0120X0,KR70120X0000,유진 챔피언중단기크레딧 X클래스,PF
012160,KR7012160008,영흥,ST
012170,KR7012170007,아센디오,ST
012200,KR7012200002,계양전기,ST
012205,KR7012201000,계양전기우,ST
012280,KR7012280004,영화금속,ST
0122W0,KR70122W0009,RISE 26-11 회사채(AA-이상)액티브,EF
012320,KR7012320008,경동인베스트,ST
012330,KR7012330007,현대모비스,ST
0123G0,KR70123G0008,TIGER 미국AI전력SMR,EF
0123S0,KR70123S0004,HANARO 26-12 은행채(AA+이상)액티브,EF
012450,KR7012450003,한화에어로스페이스,ST
012510,KR7012510004,더존비즈온,ST
012610,KR7012610002,경인양행,ST
012630,KR7012630000,HDC,ST
012690,KR7012690004,모나리자,ST
0126Z0,KR70126Z0002,삼성에피스홀딩스,ST
012750,KR7012750006,에스원,ST
0127M0,KR70127M0006,ACE 미국대형가치주액티브,EF
0127P0,KR70127P0003,ACE 미국대형성장주액티브,EF
0127R0,KR70127R0001,RISE 미국AI클라우드인프라,EF
0127T0,KR70127T0009,KIWOOM 미국S&P500&배당다우존스비중전환,EF
0127V0,KR70127V0005,KIWOOM 미국S&P500 TOP10&배당다우비중전환,EF
012800,KR7012800009,대창,ST
0128D0,KR70128D0006,PLUS 차이나항셍테크위클리타겟커버드콜,EF
013000,KR7013000005,세우글로벌,ST
0131A0,KR70131A0004,SOL 차이나소비트렌드,EF
0131V0,KR70131V0009,1Q 미국우주항공테크,EF
0131W0,KR70131W0008,1Q 단기특수은행채액티브,EF
0132D0,KR70132D0000,KoAct 글로벌K컬처밸류체인액티브,EF
0132H0,KR70132H0006,KODEX 미국원자력SMR,EF
0132K0,KR70132K0001,PLUS 테슬라위클리커버드콜채권혼합,EF
013360,KR7013360003,일성건설,ST
0133E0,KR70133E0008,TIGER 차이나증권,EF
013520,KR7013520002,화승코퍼레이션,ST
013570,KR7013570007,디와이,ST
013580,KR7013580006,계룡건설,ST
0135Y0,KR70135Y0002,IBK 중기종합채권(AA-이상)액티브,EF
013700,KR7013700000,까뮤이앤씨,ST
0137V0,KR70137V0003,KIWOOM 미국S&P500모멘텀,EF
0137W0,KR70137W0002,KIWOOM 미국S&P500&GOLD,EF
013870,KR7013870001,지엠비코리아,ST
013890,KR7013890009,지누스,ST
0138D0,KR70138D0004,RISE 동학개미,EF
0138T0,KR70138T0006,RISE 미국S&P500데일리고정커버드콜,EF
0138Y0,KR70138Y0009,PLUS 금채권혼합,EF
0139F0,KR70139F0001,TIGER 12월자동연장금융채(AA-이상)액티브,EF
0139P0,KR70139P0009,ACE 고배당주,EF
014130,KR7014130009,한익스프레스,ST
014160,KR7014160006,대영포장,ST
0141S0,KR70141S0002,SOL 조선기자재,EF
0141T0,KR70141T0001,SOL 중기종합채권(AA-이상)액티브,EF
014280,KR7014280002,금강공업,ST
014285,KR7014281000,금강공업우,ST
0142D0,KR70142D0008,TIGER 미국AI데이터센터TOP4Plus,EF
014440,KR7014440002,영보화학,ST
0144L0,KR70144L0006,KODEX 미국성장커버드콜액티브,EF
0144M0,KR70144M0005,KODEX 미국드론UAM TOP10,EF
014530,KR7014530000,극동유화,ST
014580,KR7014580005,태경비케이,ST
014680,KR7014680003,한솔케미칼,ST
014710,KR7014710008,사조씨푸드,ST
014790,KR7014790000,HL D&I,ST
014820,KR7014820005,동원시스템즈,ST
014825,KR7014821003,동원시스템즈우,ST
014830,KR7014830004,유니드,ST
0148J0,KR70148J0006,TIGER 코리아휴머노이드로봇산업,EF
014910,KR7014910004,성문전자,ST
014915,KR7014911002,성문전자우,ST
014990,KR7014990006,인디에프,ST
015020,KR7015020001,이스타코,ST
0150K0,KR70150K0008,KoAct 수소전력ESS인프라액티브,EF
0151P0,KR70151P0002,RISE 코리아전략산업액티브,EF
0151S0,KR70151S0009,KODEX 미국AI반도체TOP3플러스,EF
015230,KR7015230006,대창단조,ST
015260,KR7015260003,에이엔피,ST
0152E0,KR70152E0004,SOL 배당성향탑픽액티브,EF
015360,KR7015360001,INVENI,ST
0153K0,KR70153K0005,KODEX 주주환원고배당주,EF
0153P0,KR70153P0000,ACE 리츠부동산인프라액티브,EF
0153X0,KR70153X0000,PLUS 미국고배당주액티브,EF
0154F0,KR70154F0001,WON 초대형IB&금융지주,EF
0154H0,KR70154H0009,KoAct 차이나바이오헬스케어액티브,EF
015590,KR7015590003,DKME,ST
0155M0,KR70155M0001,ACE 미국SMR원자력TOP10,EF
0155N0,KR70155N0000,HANARO K휴머노이드테마TOP10,EF
015760,KR7015760002,한국전력,ST
015860,KR7015860000,일진홀딩스,ST
015890,KR7015890007,태경산업,ST
016090,KR7016090003,대현,ST
0162L0,KR70162L0003,KODEX 차이나AI반도체TOP10,EF
0162M0,KR70162M0002,KODEX 금융채1~2년(AA-이상)PLUS액티브,EF
0162Y0,KR70162Y0008,TIME 코스닥액티브,EF
0162Z0,KR70162Z0007,RISE 삼성전자SK하이닉스채권혼합50,EF
016360,KR7016360000,삼성증권,ST
016380,KR7016380008,KG스틸,ST
0163Y0,KR70163Y0007,KoAct 코스닥액티브,EF
016450,KR7016450009,한세예스24홀딩스,ST
0164G0,KR70164G0008,RISE 차이나AI반도체TOP4Plus,EF
016580,KR7016580003,환인제약,ST
016590,KR7016590002,신대양제지,ST
016610,KR7016610008,DB증권,ST
0166N0,KR70166N0007,PLUS 코스닥150액티브,EF
0166S0,KR70166S0002,PLUS K제조업핵심기업액티브,EF
0166T0,KR70166T0001,PLUS 글로벌저작권핵심기업액티브,EF
016710,KR7016710006,대성홀딩스,ST
016740,KR7016740003,두올,ST
0167A0,KR70167A0001,SOL AI반도체TOP2플러스,EF
0167B0,KR70167B0000,SOL 200타겟위클리커버드콜,EF
0167Z0,KR70167Z0002,KODEX 미국우주항공,EF
016800,KR7016800005,퍼시스,ST
016880,KR7016880007,웅진,ST
0168K0,KR70168K0008,TIGER 기술이전바이오액티브,EF
017040,KR7017040007,광명전기,ST
017180,KR7017180001,명문제약,ST
0172V0,KR70172V0009,1Q 은액티브,EF
0172Y0,KR70172Y0006,ACE K수출핵심TOP10산업액티브,EF
017370,KR7017370008,우신시스템,ST
017390,KR7017390006,서울가스,ST
0173Y0,KR70173Y0005,KODEX 미국AI광통신네트워크,EF
0174B0,KR70174B0001,KoAct 글로벌AI메모리반도체액티브,EF
0174J0,KR70174J0003,DAISHIN343 오피스리츠플러스,EF
0174R0,KR70174R0003,KIWOOM 미국성장다우존스,EF
017550,KR7017550005,수산세보틱스,ST
017670,KR7017670001,SK텔레콤,ST
0176E0,KR70176E0006,RISE 미국AI전력인프라액티브,EF
0176P0,KR70176P0003,FOCUS AI반도체위클리고정커버드콜,EF
0177A0,KR70177A0009,WON 두산그룹포커스,EF
0177N0,KR70177N0004,KODEX 삼성전자SK하이닉스채권혼합50,EF
0177R0,KR70177R0000,TIGER 반도체TOP10커버드콜액티브,EF
0177X0,KR70177X0002,ACE K휴머노이드로봇산업TOP2+,EF
017800,KR7017800004,현대엘리베이터,ST
017810,KR7017810003,풀무원,ST
017860,KR7017860008,DS단석,ST
0178H0,KR70178H0001,IBK 미국AI TOP10국채혼합50,EF
017900,KR7017900002,광전자,ST
017940,KR7017940008,E1,ST
017960,KR7017960006,한국카본,ST
0180V0,KR70180V0009,ACE 미국우주테크액티브,EF
0181B0,KR70181B0002,HANARO 미국AI메모리반도체TOP4+,EF
0181L0,KR70181L0000,SOL 미국우주항공TOP10,EF
018250,KR7018250001,애경산업,ST
018260,KR7018260000,삼성에스디에스,ST
0182R0,KR70182R0003,1Q K반도체TOP2+,EF
0182S0,KR70182S0002,1Q K반도체TOP2채권혼합50,EF
0183J0,KR70183J0002,TIGER 미국우주테크,EF
0183V0,KR70183V0006,KIWOOM 삼성전자&SK하이닉스채권혼합50,EF
018470,KR7018470005,조일알미늄,ST
0184E0,KR70184E0006,1Q 200채권혼합50액티브,EF
0184L0,KR70184L0007,PLUS 중기종합채권(A-이상)액티브,EF
0184N0,KR70184N0005,PLUS 은채권혼합,EF
0184V0,KR70184V0005,UNICORN K바이오액티브,EF
018500,KR7018500009,동원금속,ST
0185L0,KR70185L0006,TIME 글로벌휴머노이드로봇산업액티브,EF
018670,KR7018670000,SK가스,ST
0186L0,KR70186L0005,KoAct 미국로봇피지컬AI액티브,EF
0186S0,KR70186S0008,1Q 코스닥150채권혼합50액티브,EF
018880,KR7018880005,한온시스템,ST
0189B0,KR70189B0004,TIGER 은액티브,EF
0189Z0,KR70189Z0006,DAISHIN343 금융&지주고배당,EF
0190C0,KR70190C0000,RISE 현대차고정피지컬AI,EF
0190G0,KR70190G0006,KODEX 반도체타겟위클리커버드콜,EF
0190M0,KR70190M0008,KIWOOM 미국AI테크하이베타,EF
0190Y0,KR70190Y0004,TIGER 구글밸류체인,EF
019170,KR7019170000,신풍제약,ST
019175,KR7019171008,신풍제약우,ST
019180,KR7019180009,티에이치엔,ST
0191B0,KR70191B0000,MIDAS 코스닥액티브,EF
0191M0,KR70191M0007,마이티 5월만기자동연장특수채(AAA)액티브,EF
0191S0,KR70191S0001,IBK 코스닥150,EF
0191W0,KR70191W0005,HANARO 중기종합채권(A-이상)액티브,EF
0192L0,KR70192L0007,RISE SK하이닉스단일종목레버리지,EF
0192M0,KR70192M0006,RISE 삼성전자단일종목레버리지,EF
0192S0,KR70192S0000,SOL 코스피200채권혼합50,EF
0192T0,KR70192T0009,SOL 코스닥TOP10,EF
0192Z0,KR70192Z0001,TIGER 중기종합채권(A-이상)액티브,EF
0193G0,KR70193G0003,KoAct 코스피액티브,EF
0193K0,KR70193K0007,PLUS 삼성전자단일종목레버리지,EF
0193L0,KR70193L0006,PLUS 삼성전자선물단일종목인버스2X,EF
0193M0,KR70193M0005,BNK 27-12 특수채(AAA이상)액티브,EF
0193T0,KR70193T0008,KODEX SK하이닉스단일종목레버리지,EF
0193W0,KR70193W0003,KODEX 삼성전자단일종목레버리지,EF
019490,KR7019490002,엑시큐어하이트론,ST
0194M0,KR70194M0004,ACE 삼성전자단일종목레버리지,EF
0194N0,KR70194N0003,KIWOOM 삼성전자선물단일종목레버리지,EF
0194R0,KR70194R0009,KIWOOM SK하이닉스선물단일종목레버리지,EF
0194T0,KR70194T0007,ACE SK하이닉스단일종목레버리지,EF
0195R0,KR70195R0008,TIGER 삼성전자단일종목레버리지,EF
0195S0,KR70195S0007,TIGER SK하이닉스단일종목레버리지,EF
019680,KR7019680008,대교,ST
019685,KR7019681006,대교우B,ST
0197W0,KR70197W0009,SOL SK하이닉스단일종목레버리지,EF
0197X0,KR70197X0008,SOL SK하이닉스선물단일종목인버스2X,EF
0198A0,KR70198A0004,KIWOOM 코스닥150커버드콜액티브,EF
0198B0,KR70198B0003,1Q 삼성전자선물단일종목레버리지,EF
0198D0,KR70198D0001,1Q SK하이닉스선물단일종목레버리지,EF
0199C0,KR70199C0001,ACE 고배당주Plus커버드콜액티브,EF
020000,KR7020000006,한섬,ST
020120,KR7020120002,키다리스튜디오,ST
020150,KR7020150009,롯데에너지머티리얼즈,ST
0203D0,KR70203D0004,PLUS 200위클리커버드콜채권혼합,EF
0203R0,KR70203R0008,WON 중단기종합채권(A-이상)액티브,EF
0203S0,KR70203S0007,WON 삼성전자현대차채권혼합50,EF
0204D0,KR70204D0003,KODEX 현대차로보틱스밸류체인TOP3플러스,EF
0204S0,KR70204S0006,TIGER 코스닥액티브,EF
020560,KR7020560009,아시아나항공,ST
0206G0,KR70206G0008,1Q 현대차기아채권혼합50,EF
020760,KR7020760005,일진디스플,ST
0207G0,KR70207G0007,SOL 우주항공밸류체인,EF
0207Z0,KR70207Z0004,KIWOOM 미국우주데이터센터인프라,EF
0208N0,KR70208N0007,IBK 코스피액티브,EF
0209D0,KR70209D0008,KODEX 전고체배터리ESS TOP2플러스,EF
0209Z0,KR70209Z0002,ACE 코리아AI전력TOP10,EF
021050,KR7021050000,서원,ST
0210A0,KR70210A0008,ACE K반도체TOP2+,EF
0210E0,KR70210E0004,PLUS 200커버드콜액티브,EF
021240,KR7021240007,코웨이,ST
021820,KR7021820006,세원정공,ST
022100,KR7022100002,포스코DX,ST
023000,KR7023000003,삼원강재,ST
023150,KR7023150006,MH에탄올,ST
023350,KR7023350002,한국종합기술,ST
023450,KR7023450000,동남합성,ST
023530,KR7023530009,롯데쇼핑,ST
023590,KR7023590003,다우기술,ST
023800,KR7023800006,인지컨트롤스,ST
023810,KR7023810005,인팩,ST
023960,KR7023960008,에쓰씨엔지니어링,ST
024070,KR7024070005,WISCOM,ST
024090,KR7024090003,디씨엠,ST
024110,KR7024110009,기업은행,ST
024720,KR7024720005,콜마홀딩스,ST
024890,KR7024890006,대원화성,ST
024900,KR7024900003,디와이덕양,ST
025000,KR7025000001,KPX케미칼,ST
025530,KR7025530007,SJM홀딩스,ST
025540,KR7025540006,한국단자,ST
025560,KR7025560004,미래산업,ST
025620,KR7025620006,차AI헬스케어,ST
025750,KR7025750001,한솔홈데코,ST
025820,KR7025820002,이구산업,ST
025860,KR7025860008,남해화학,ST
025890,KR7025890005,한국주강,ST
026890,KR7026890004,스틱인베스트먼트,ST
026940,KR7026940007,부국철강,ST
026960,KR7026960005,동서,ST
027410,KR7027410000,BGF,ST
027740,KR7027740000,마니커,ST
027970,KR7027970003,한국제지,ST
028050,KR7028050003,삼성E&A,ST
028100,KR7028100006,동아지질,ST
028260,KR7028260008,삼성물산,ST
02826K,KR702826K016,삼성물산우B,ST
028670,KR7028670008,팬오션,ST
029460,KR7029460003,케이씨,ST
029530,KR7029530003,신도리코,ST
029780,KR7029780004,삼성카드,ST
030000,KR7030000004,제일기획,ST
030190,KR7030190003,NICE평가정보,ST
030200,KR7030200000,KT,ST
030210,KR7030210009,다올투자증권,ST
030610,KR7030610000,교보증권,ST
030720,KR7030720007,동원수산,ST
031210,KR7031210008,서울보증보험,ST
031430,KR7031430002,신세계인터내셔날,ST
031440,KR7031440001,신세계푸드,ST
031820,KR7031820004,아이티센씨티에스,ST
032350,KR7032350001,롯데관광개발,ST
032560,KR7032560005,황금에스티,ST
032640,KR7032640005,LG유플러스,ST
032830,KR7032830002,삼성생명,ST
033240,KR7033240003,자화전자,ST
033250,KR7033250002,체시스,ST
033270,KR7033270000,유나이티드제약,ST
033530,KR7033530007,SJG세종,ST
033780,KR7033780008,KT&G,ST
033920,KR7033920000,무학,ST
034020,KR7034020008,두산에너빌리티,ST
034120,KR7034120006,SBS,ST
034220,KR7034220004,LG디스플레이,ST
034230,KR7034230003,파라다이스,ST
034310,KR7034310003,NICE,ST
034590,KR7034590000,인천도시가스,ST
034730,KR7034730002,SK,ST
03473K,KR703473K016,SK우,ST
034830,KR7034830000,한국토지신탁,ST
035000,KR7035000009,HS애드,ST
035150,KR7035150002,백산,ST
035250,KR7035250000,강원랜드,ST
035420,KR7035420009,NAVER,ST
035510,KR7035510007,신세계 I&C,ST
035720,KR7035720002,카카오,ST
036420,KR7036420008,콘텐트리중앙,ST
036460,KR7036460004,한국가스공사,ST
036530,KR7036530004,SNT홀딩스,ST
036570,KR7036570000,NC,ST
036580,KR7036580009,팜스코,ST
037270,KR7037270006,YG PLUS,ST
037560,KR7037560000,LG헬로비전,ST
037710,KR7037710001,광주신세계,ST
039130,KR7039130000,하나투어,ST
039490,KR7039490008,키움증권,ST
039570,KR7039570007,HDC랩스,ST
041650,KR7041650003,상신브레이크,ST
042660,KR7042660001,한화오션,ST
042700,KR7042700005,한미반도체,ST
044380,KR7044380004,주연테크,ST
044450,KR7044450005,KSS해운,ST
044820,KR7044820009,코스맥스비티아이,ST
047040,KR7047040001,대우건설,ST
047050,KR7047050000,포스코인터내셔널,ST
047400,KR7047400007,유니온머티리얼,ST
047810,KR7047810007,한국항공우주,ST
049800,KR7049800006,우진플라임,ST
051600,KR7051600005,한전KPS,ST
051630,KR7051630002,진양화학,ST
051900,KR7051900009,LG생활건강,ST
051905,KR7051901007,LG생활건강우,ST
051910,KR7051910008,LG화학,ST
051915,KR7051911006,LG화학우,ST
052690,KR7052690005,한전기술,ST
053210,KR7053210001,스카이라이프,ST
053690,KR7053690004,한미글로벌,ST
055490,KR7055490007,테이팩스,ST
055550,KR7055550008,신한지주,ST
057050,KR7057050007,현대홈쇼핑,ST
058430,KR7058430000,포스코스틸리온,ST
058650,KR7058650003,세아홀딩스,ST
058730,KR7058730003,다스코,ST
058850,KR7058850009,KTcs,ST
058860,KR7058860008,KTis,ST
060980,KR7060980000,HL홀딩스,ST
062040,KR7062040001,산일전기,ST
063160,KR7063160006,종근당바이오,ST
064350,KR7064350002,현대로템,ST
064400,KR7064400005,LG씨엔에스,ST
064960,KR7064960008,SNT모티브,ST
066570,KR7066570003,LG전자,ST
066575,KR7066571001,LG전자우,ST
066970,KR7066970005,엘앤에프,ST
067830,KR7067830000,세이브존I&C,ST
068270,KR7068270008,셀트리온,ST
068290,KR7068290006,삼성출판사,ST
069260,KR7069260008,TKG휴켐스,ST
069460,KR7069460004,대호에이엘,ST
069500,KR7069500007,KODEX 200,EF
069620,KR7069620003,대웅제약,ST
069640,KR7069640001,한세엠케이,ST
069660,KR7069660009,KIWOOM 200,EF
069730,KR7069730000,DSR제강,ST
069960,KR7069960003,현대백화점,ST
070960,KR7070960000,모나용평,ST
071050,KR7071050009,한국금융지주,ST
071055,KR7071051007,한국금융지주우,ST
071090,KR7071090005,하이스틸,ST
071320,KR7071320006,지역난방공사,ST
071840,KR7071840003,롯데하이마트,ST
071950,KR7071950000,코아스,ST
071970,KR7071970008,HD현대마린엔진,ST
072130,KR7072130008,유엔젤,ST
072710,KR7072710007,농심홀딩스,ST
073240,KR7073240004,금호타이어,ST
074610,KR7074610007,이엔플러스,ST
075180,KR7075180000,새론오토모티브,ST
075580,KR7075580001,세진중공업,ST
077500,KR7077500007,유니퀘스트,ST
077970,KR7077970002,STX엔진,ST
078000,KR7078000007,텔코웨어,ST
078520,KR7078520004,에이블씨엔씨,ST
078930,KR7078930005,GS,ST
078935,KR7078931003,GS우,ST
079160,KR7079160008,CJ CGV,ST
079430,KR7079430005,현대리바트,ST
079550,KR7079550000,LIG디펜스앤에어로스페이스,ST
079900,KR7079900007,전진건설로봇,ST
079980,KR7079980009,휴비스,ST
081000,KR7081000002,일진다이아,ST
081660,KR7081660003,미스토홀딩스,ST
082640,KR7082640004,동양생명,ST
082740,KR7082740002,한화엔진,ST
083420,KR7083420000,그린케미칼,ST
084010,KR7084010008,대한제강,ST
084670,KR7084670009,동양고속,ST
084680,KR7084680008,이월드,ST
084690,KR7084690007,대상홀딩스,ST
084695,KR7084691005,대상홀딩스우,ST
084870,KR7084870005,TBH글로벌,ST
085310,KR7085310001,엔케이,ST
085620,KR7085620003,미래에셋생명,ST
086280,KR7086280005,현대글로비스,ST
086790,KR7086790003,하나금융지주,ST
088260,KR7088260005,이리츠코크렙,RT
088350,KR7088350004,한화생명,ST
088790,KR7088790001,진도,ST
088980,KR7088980008,맥쿼리인프라,IF
089470,KR7089470009,HDC현대EP,ST
089590,KR7089590004,제주항공,ST
089860,KR7089860001,롯데렌탈,ST
090080,KR7090080003,평화산업,ST
090350,KR7090350000,노루페인트,ST
090355,KR7090351008,노루페인트우,ST
090370,KR7090370008,메타랩스,ST
090430,KR7090430000,아모레퍼시픽,ST
090435,KR7090431008,아모레퍼시픽우,ST
090460,KR7090460007,비에이치,ST
091160,KR7091160002,KODEX 반도체,EF
091170,KR7091170001,KODEX 은행,EF
091180,KR7091180000,KODEX 자동차,EF
091220,KR7091220004,TIGER 은행,EF
091230,KR7091230003,TIGER 반도체,EF
091810,KR7091810002,트리니티항공,ST
092200,KR7092200005,디아이씨,ST
092220,KR7092220003,KEC,ST
092230,KR7092230002,KPX홀딩스,ST
092440,KR7092440007,기신정기,ST
092780,KR7092780006,DYP,ST
092790,KR7092790005,넥스틸,ST
093050,KR7093050003,LF,ST
093240,KR7093240000,형지엘리트,ST
093370,KR7093370005,후성,ST
094280,KR7094280005,효성ITX,ST
094800,KR7094800000,맵스리얼티,MF
095570,KR7095570008,AJ네트웍스,ST
095720,KR7095720009,웅진씽크빅,ST
096760,KR7096760004,JW홀딩스,ST
096770,KR7096770003,SK이노베이션,ST
096775,KR7096771001,SK이노베이션우,ST
097230,KR7097230007,HJ중공업,ST
097520,KR7097520001,엠씨넥스,ST
097950,KR7097950000,CJ제일제당,ST
097955,KR7097951008,CJ제일제당 우,ST
099140,KR7099140006,KODEX 차이나H,EF
100090,KR7100090000,SK오션플랜트,ST
100220,KR7100220003,비상교육,ST
100250,KR7100250000,진양홀딩스,ST
100840,KR7100840008,SNT에너지,ST
100910,KR7100910009,KIWOOM KRX100,EF
101140,KR7101140002,인바이오젠,ST
101280,KR7101280006,KODEX 일본TOPIX100,EF
101530,KR7101530004,해태제과식품,ST
102110,KR7102110004,TIGER 200,EF
102260,KR7102260007,동성케미컬,ST
102460,KR7102460003,이연제약,ST
102780,KR7102780004,KODEX 삼성그룹,EF
102960,KR7102960002,KODEX 기계장비,EF
102970,KR7102970001,KODEX 증권,EF
103140,KR7103140000,풍산,ST
103590,KR7103590006,일진전기,ST
104520,KR7104520002,KIWOOM 블루칩,EF
104530,KR7104530001,KIWOOM 코리아고배당,EF
104700,KR7104700000,한국철강,ST
105010,KR7105010003,TIGER 라틴35,EF
105190,KR7105190003,ACE 200,EF
105560,KR7105560007,KB금융,ST
105630,KR7105630008,한세실업,ST
105780,KR7105780001,RISE 5대그룹주,EF
105840,KR7105840003,우진,ST
107590,KR7107590002,미원홀딩스,ST
108320,KR7108320003,LX세미콘,ST
108450,KR7108450008,ACE 삼성그룹섹터가중,EF
108590,KR7108590001,TREX 200,EF
108670,KR7108670001,LX하우시스,ST
108675,KR7108671009,LX하우시스우,ST
109070,KR7109070003,주성코퍼레이션,ST
111110,KR7111110003,호전실업,ST
111380,KR7111380002,동인기연,ST
111770,KR7111770004,영원무역,ST
112610,KR7112610001,씨에스윈드,ST
114090,KR7114090004,GKL,ST
114100,KR7114100001,RISE 국고채3년,EF
114260,KR7114260003,KODEX 국고채3년,EF
114460,KR7114460009,ACE 국고채3년,EF
114470,KR7114470008,KIWOOM 국고채3년,EF
114800,KR7114800006,KODEX 인버스,EF
114820,KR7114820004,TIGER 국채3년,EF
117460,KR7117460006,KODEX 에너지화학,EF
117580,KR7117580001,대성에너지,ST
117680,KR7117680009,KODEX 철강,EF
117690,KR7117690008,TIGER 차이나항셍30,EF
117700,KR7117700005,KODEX 건설,EF
118000,KR7118000009,메타케어,ST
119650,KR7119650000,KC코트렐,ST
120030,KR7120030002,조선선재,ST
120110,KR7120110002,코오롱인더,ST
120115,KR7120111000,코오롱인더우,ST
122090,KR7122090004,PLUS 코스피50,EF
122260,KR7122260003,KIWOOM 통안채1년,EF
122630,KR7122630007,KODEX 레버리지,EF
122900,KR7122900004,아이마켓코리아,ST
123310,KR7123310005,TIGER 인버스,EF
123320,KR7123320004,TIGER 레버리지,EF
123690,KR7123690000,한국화장품,ST
123700,KR7123700007,SJM,ST
123890,KR7123890006,한국자산신탁,ST
126560,KR7126560002,현대퓨처넷,ST
126720,KR7126720002,수산인더스트리,ST
128820,KR7128820008,대성산업,ST
128940,KR7128940004,한미약품,ST
129260,KR7129260006,인터지스,ST
130660,KR7130660004,한전산업,ST
130680,KR7130680002,TIGER 원유선물Enhanced(H),EF
130730,KR7130730005,KIWOOM 단기자금,EF
131890,KR7131890006,ACE 삼성그룹동일가중,EF
132030,KR7132030008,KODEX 골드선물(H),EF
133690,KR7133690008,TIGER 미국나스닥100,EF
133820,KR7133820001,화인베스틸,ST
134380,KR7134380005,미원화학,ST
134790,KR7134790005,시디즈,ST
136340,KR7136340007,RISE 중기우량회사채,EF
136490,KR7136490000,선진,ST
137310,KR7137310009,에스디바이오센서,ST
137610,KR7137610002,TIGER 농산물선물Enhanced(H),EF
138040,KR7138040001,메리츠금융지주,ST
138230,KR7138230008,KIWOOM 미국달러선물,EF
138520,KR7138520002,TIGER 삼성그룹,EF
138530,KR7138530001,TIGER LG그룹플러스,EF
138540,KR7138540000,TIGER 현대차그룹플러스,EF
138910,KR7138910005,KODEX 구리선물(H),EF
138920,KR7138920004,KODEX 콩선물(H),EF
138930,KR7138930003,BNK금융지주,ST
139130,KR7139130009,iM금융지주,ST
139220,KR7139220008,TIGER 200 건설,EF
139230,KR7139230007,TIGER 200 중공업,EF
139240,KR7139240006,TIGER 200 철강소재,EF
139250,KR7139250005,TIGER 200 에너지화학,EF
139260,KR7139260004,TIGER 200 IT,EF
139270,KR7139270003,TIGER 200 금융,EF
139280,KR7139280002,TIGER 경기방어,EF
139290,KR7139290001,TIGER 200 경기소비재,EF
139320,KR7139320006,TIGER 금은선물(H),EF
139480,KR7139480008,이마트,ST
139660,KR7139660005,KIWOOM 미국달러선물인버스,EF
139990,KR7139990006,아주스틸,ST
140570,KR7140570003,RISE 수출주,EF
140580,KR7140580002,RISE 우량업종대표주,EF
140700,KR7140700006,KODEX 보험,EF
140710,KR7140710005,KODEX 운송,EF
140950,KR7140950007,파워 코스피100,EF
143210,KR7143210003,핸즈코퍼레이션,ST
143850,KR7143850006,TIGER 미국S&P500선물(H),EF
143860,KR7143860005,TIGER 헬스케어,EF
144600,KR7144600004,KODEX 은선물(H),EF
145210,KR7145210001,다이나믹디자인,ST
145270,KR7145270005,케이탑리츠,RT
145670,KR7145670006,ACE 인버스,EF
145720,KR7145720009,덴티움,ST
145850,KR7145850004,TREX 펀더멘탈 200,EF
145990,KR7145990008,삼양사,ST
145995,KR7145991006,삼양사우,ST
147970,KR7147970008,TIGER 모멘텀,EF
148020,KR7148020001,RISE 200,EF
148070,KR7148070006,KIWOOM 국고채10년,EF
150460,KR7150460004,TIGER 중국소비테마,EF
152100,KR7152100004,PLUS 200,EF
152380,KR7152380002,KODEX 국채선물10년,EF
152500,KR7152500005,ACE 레버리지,EF
152870,KR7152870002,파워 200,EF
153130,KR7153130000,KODEX 단기채권,EF
153270,KR7153270004,KIWOOM 코스피100,EF
155660,KR7155660004,DSR,ST
156080,KR7156080004,KODEX MSCI Korea,EF
157450,KR7157450008,TIGER 단기통안채,EF
157490,KR7157490004,TIGER 소프트웨어,EF
157500,KR7157500000,TIGER 증권,EF
159800,KR7159800002,마이티 코스피100,EF
160580,KR7160580007,TIGER 구리실물,EF
161000,KR7161000005,애경케미칼,ST
161390,KR7161390000,한국타이어앤테크놀로지,ST
161510,KR7161510003,PLUS 고배당주,EF
161890,KR7161890009,한국콜마,ST
163560,KR7163560006,동일고무벨트,ST
166400,KR7166400002,TIGER 200커버드콜OTM,EF
167860,KR7167860006,KIWOOM 국고채10년레버리지,EF
168580,KR7168580009,ACE 중국본토CSI300,EF
169950,KR7169950003,KODEX 차이나A50,EF
170900,KR7170900005,동아에스티,ST
174350,KR7174350009,TIGER 로우볼,EF
174360,KR7174360008,RISE 중국본토대형주CSI100,EF
175330,KR7175330000,JB금융지주,ST
176950,KR7176950004,KODEX 국채선물10년인버스,EF
178920,KR7178920005,PI첨단소재,ST
180640,KR7180640005,한진칼,ST
18064K,KR718064K016,한진칼우,ST
181480,KR7181480005,ACE 미국부동산리츠(합성 H),EF
181710,KR7181710005,NHN,ST
182480,KR7182480004,TIGER 미국MSCI리츠(합성 H),EF
182490,KR7182490003,TIGER 단기선진하이일드(합성 H),EF
183190,KR7183190008,아세아시멘트,ST
183700,KR7183700004,RISE 200채권혼합50,EF
183710,KR7183710003,RISE 주식혼합,EF
185680,KR7185680006,KODEX 미국S&P바이오(합성),EF
185750,KR7185750007,종근당,ST
189400,KR7189400005,PLUS 글로벌MSCI(합성 H),EF
190620,KR7190620005,ACE 단기통안채,EF
192080,KR7192080000,더블유게임즈,ST
192090,KR7192090009,TIGER 차이나CSI300,EF
192400,KR7192400000,쿠쿠홀딩스,ST
192650,KR7192650000,드림텍,ST
192720,KR7192720001,파워 고배당저변동성,EF
192820,KR7192820009,코스맥스,ST
194370,KR7194370003,제이에스코퍼레이션,ST
195870,KR7195870001,해성디에스,ST
195920,KR7195920004,TIGER 일본TOPIX(합성 H),EF
195930,KR7195930003,TIGER 유로스탁스50(합성 H),EF
195970,KR7195970009,PLUS 선진국MSCI(합성 H),EF
195980,KR7195980008,PLUS 신흥국MSCI(합성 H),EF
196030,KR7196030001,ACE 일본TOPIX레버리지(H),EF
196230,KR7196230007,RISE 단기통안채,EF
200030,KR7200030005,KODEX 미국S&P500산업재(합성),EF
200250,KR7200250009,KIWOOM 인도Nifty50(합성),EF
200880,KR7200880003,서연이화,ST
203780,KR7203780002,TIGER 미국나스닥바이오,EF
204320,KR7204320006,HL만도,ST
204450,KR7204450001,KODEX 차이나H레버리지(H),EF
204480,KR7204480008,TIGER 차이나CSI300레버리지(합성),EF
205720,KR7205720006,ACE 일본TOPIX인버스(합성 H),EF
207940,KR7207940008,삼성바이오로직스,ST
210540,KR7210540001,디와이파워,ST
210780,KR7210780003,TIGER 코스피고배당,EF
210980,KR7210980009,SK디앤디,ST
211560,KR7211560008,TIGER 배당성장,EF
211900,KR7211900006,KODEX 코리아배당성장,EF
213500,KR7213500002,한솔제지,ST
213610,KR7213610009,KODEX 삼성그룹밸류,EF
213630,KR7213630007,PLUS 미국다우존스고배당주(합성 H),EF
214320,KR7214320004,이노션,ST
214330,KR7214330003,금호에이치티,ST
214390,KR7214390007,경보제약,ST
214420,KR7214420002,토니모리,ST
214980,KR7214980005,KODEX 단기채권PLUS,EF
215620,KR7215620006,HK S&P코리아로우볼,EF
217590,KR7217590009,티엠씨,ST
217770,KR7217770007,TIGER 원유선물인버스(H),EF
217780,KR7217780006,TIGER 차이나CSI300인버스(합성),EF
218420,KR7218420008,KODEX 미국S&P500에너지(합성),EF
219390,KR7219390002,RISE 미국S&P원유생산기업(합성 H),EF
219480,KR7219480001,KODEX 미국S&P500선물(H),EF
219900,KR7219900008,ACE 중국본토CSI300레버리지(합성),EF
220130,KR7220130009,SOL 차이나강소기업CSI500(합성 H),EF
223190,KR7223190000,KODEX 200가치저변동,EF
225030,KR7225030006,TIGER 미국S&P500선물인버스(H),EF
225040,KR7225040005,TIGER 미국S&P500레버리지(합성 H),EF
225050,KR7225050004,TIGER 유로스탁스레버리지(합성 H),EF
225060,KR7225060003,TIGER 이머징마켓MSCI레버리지(합성 H),EF
225130,KR7225130004,ACE 골드선물 레버리지(합성 H),EF
225800,KR7225800002,KIWOOM 미국달러선물레버리지,EF
226320,KR7226320000,잇츠한불,ST
226380,KR7226380004,ACE Fn성장소비주도주,EF
226490,KR7226490001,KODEX 코스피,EF
226980,KR7226980001,KODEX 200 중소형,EF
227540,KR7227540002,TIGER 200 헬스케어,EF
227550,KR7227550001,TIGER 200 산업재,EF
227560,KR7227560000,TIGER 200 생활소비재,EF
227570,KR7227570009,TIGER 우량가치,EF
227830,KR7227830007,PLUS 코스피,EF
227840,KR7227840006,현대코퍼레이션홀딩스,ST
228790,KR7228790002,TIGER 화장품,EF
228800,KR7228800009,TIGER 여행레저,EF
228810,KR7228810008,TIGER 미디어컨텐츠,EF
228820,KR7228820007,TIGER KTOP30,EF
229200,KR7229200001,KODEX 코스닥150,EF
229640,KR7229640008,LS에코에너지,ST
229720,KR7229720008,KODEX KTOP30,EF
230480,KR7230480006,KIWOOM 미국달러선물인버스2X,EF
232080,KR7232080002,TIGER 코스닥150,EF
233160,KR7233160001,TIGER 코스닥150 레버리지,EF
233740,KR7233740000,KODEX 코스닥150레버리지,EF
234080,KR7234080000,JW생명과학,ST
234310,KR7234310001,RISE V&S셀렉트밸류,EF
236350,KR7236350005,TIGER 인도니프티50레버리지(합성),EF
237350,KR7237350004,KODEX 코스피100,EF
237370,KR7237370002,KODEX 코리아배당성장채권혼합,EF
237440,KR7237440003,TIGER 경기방어채권혼합,EF
238670,KR7238670004,PLUS 스마트베타Quality채권혼합,EF
238720,KR7238720007,ACE 일본Nikkei225(H),EF
239660,KR7239660004,PLUS 우량회사채50,EF
241180,KR7241180009,TIGER 일본니케이225,EF
241390,KR7241390004,RISE V&S셀렉트밸류채권혼합,EF
241560,KR7241560002,두산밥캣,ST
241590,KR7241590009,화승엔터프라이즈,ST
243880,KR7243880002,TIGER 200IT레버리지,EF
243890,KR7243890001,TIGER 200에너지화학레버리지,EF
244580,KR7244580007,KODEX 바이오,EF
244620,KR7244620001,KODEX 모멘텀Plus,EF
244660,KR7244660007,KODEX 퀄리티Plus,EF
244670,KR7244670006,KODEX 밸류Plus,EF
244920,KR7244920005,에이플러스에셋,ST
245340,KR7245340005,TIGER 미국다우존스30,EF
245350,KR7245350004,TIGER 유로스탁스배당30,EF
245360,KR7245360003,TIGER 차이나HSCEI,EF
245710,KR7245710009,ACE 베트남VN30(합성),EF
248070,KR7248070005,솔루엠,ST
248170,KR7248170003,샘표식품,ST
248270,KR7248270001,TIGER S&P글로벌헬스케어(합성),EF
249420,KR7249420001,일동제약,ST
250730,KR7250730009,RISE 차이나HSCEI(H),EF
250780,KR7250780004,TIGER 코스닥150선물인버스,EF
251270,KR7251270005,넷마블,ST
251340,KR7251340006,KODEX 코스닥150선물인버스,EF
251350,KR7251350005,KODEX MSCI선진국,EF
251590,KR7251590006,PLUS 고배당저변동50,EF
251600,KR7251600003,PLUS 고배당주채권혼합,EF
252000,KR7252000005,TIGER 200동일가중,EF
252400,KR7252400007,RISE 200선물레버리지,EF
252410,KR7252410006,RISE 200선물인버스,EF
252420,KR7252420005,RISE 200선물인버스2X,EF
252650,KR7252650007,KODEX 200동일가중,EF
252670,KR7252670005,KODEX 200선물인버스2X,EF
252710,KR7252710009,TIGER 200선물인버스2X,EF
253150,KR7253150007,PLUS 200선물레버리지,EF
253160,KR7253160006,PLUS 200선물인버스2X,EF
253230,KR7253230007,KIWOOM 200선물인버스2X,EF
253240,KR7253240006,KIWOOM 200선물인버스,EF
253250,KR7253250005,KIWOOM 200선물레버리지,EF
253280,KR7253280002,RISE 헬스케어,EF
253290,KR7253290001,RISE 헬스케어채권혼합,EF
256440,KR7256440009,ACE MSCI인도네시아(합성),EF
256450,KR7256450008,PLUS 심천차이넥스트(합성),EF
256750,KR7256750001,KODEX 차이나심천ChiNext(합성),EF
259960,KR7259960003,크래프톤,ST
261060,KR7261060008,TIGER 코스닥150IT,EF
261070,KR7261070007,TIGER 코스닥150바이오테크,EF
261110,KR7261110001,TIGER 미국달러선물레버리지,EF
261120,KR7261120000,TIGER 미국달러선물인버스2X,EF
261140,KR7261140008,TIGER 우선주,EF
261220,KR7261220008,KODEX WTI원유선물(H),EF
261240,KR7261240006,KODEX 미국달러선물,EF
261250,KR7261250005,KODEX 미국달러선물레버리지,EF
261260,KR7261260004,KODEX 미국달러선물인버스2X,EF
261270,KR7261270003,KODEX 미국달러선물인버스,EF
261920,KR7261920003,ACE MSCI필리핀(합성),EF
264900,KR7264900002,크라운제과,ST
26490K,KR726490K013,크라운제과우,ST
265690,KR7265690008,ACE 러시아MSCI(합성),EF
266160,KR7266160001,RISE 고배당,EF
266360,KR7266360007,KODEX K콘텐츠,EF
266370,KR7266370006,KODEX IT,EF
266390,KR7266390004,KODEX 경기소비재,EF
266410,KR7266410000,KODEX 필수소비재,EF
266420,KR7266420009,KODEX 헬스케어,EF
266550,KR7266550003,PLUS 중형주저변동50,EF
267250,KR7267250009,HD현대,ST
267260,KR7267260008,HD현대일렉트릭,ST
267270,KR7267270007,HD건설기계,ST
267290,KR7267290005,경동도시가스,ST
267440,KR7267440006,RISE 미국장기국채선물(H),EF
267450,KR7267450005,RISE 미국장기국채선물인버스(H),EF
267490,KR7267490001,RISE 미국장기국채선물레버리지(합성 H),EF
267770,KR7267770006,TIGER 200선물레버리지,EF
267850,KR7267850006,아시아나IDT,ST
268280,KR7268280005,미원에스씨,ST
269370,KR7269370003,TIGER S&P글로벌인프라(합성),EF
269420,KR7269420006,KODEX S&P글로벌인프라(합성),EF
269530,KR7269530002,PLUS S&P글로벌인프라,EF
269540,KR7269540001,PLUS 미국S&P500(H),EF
270800,KR7270800006,RISE KQ고배당,EF
270810,KR7270810005,RISE 코스닥150,EF
271050,KR7271050007,KODEX WTI원유선물인버스(H),EF
271060,KR7271060006,KODEX 3대농산물선물(H),EF
271560,KR7271560005,오리온,ST
271940,KR7271940009,일진하이솔루스,ST
271980,KR7271980005,제일약품,ST
272210,KR7272210006,한화시스템,ST
272450,KR7272450008,진에어,ST
272550,KR7272550005,삼양패키징,ST
272560,KR7272560004,RISE 단기국공채액티브,EF
272570,KR7272570003,RISE 중장기국공채액티브,EF
272580,KR7272580002,TIGER 단기채권액티브,EF
272910,KR7272910001,ACE 중장기국공채액티브,EF
273130,KR7273130005,KODEX 종합채권(AA-이상)액티브,EF
273140,KR7273140004,KODEX 단기변동금리부채권액티브,EF
275280,KR7275280006,KODEX 모멘텀주,EF
275290,KR7275290005,KODEX 가치주,EF
275300,KR7275300002,KODEX 우량주,EF
275750,KR7275750008,RISE 코스닥150선물인버스,EF
275980,KR7275980001,TIGER 글로벌4차산업혁신기술(합성 H),EF
276000,KR7276000007,TIGER 글로벌자원생산기업(합성 H),EF
276650,KR7276650009,RISE 글로벌테크놀로지(합성 H),EF
276970,KR7276970001,KODEX 미국S&P500배당귀족커버드콜(합성 H),EF
276990,KR7276990009,KODEX 글로벌로봇(합성),EF
277540,KR7277540001,ACE 아시아TOP50,EF
277630,KR7277630000,TIGER 코스피,EF
277640,KR7277640009,TIGER 코스피대형주,EF
277650,KR7277650008,TIGER 코스피중형주,EF
278240,KR7278240007,RISE 코스닥150선물레버리지,EF
278470,KR7278470000,에이피알,ST
278530,KR7278530001,KODEX 200TR,EF
278540,KR7278540000,KODEX MSCI Korea TR,EF
278620,KR7278620000,PLUS 단기채권액티브,EF
279530,KR7279530000,KODEX 고배당주,EF
279540,KR7279540009,KODEX 최소변동성,EF
279570,KR7279570006,케이뱅크,ST
280320,KR7280320003,ACE 미국IT인터넷(합성 H),EF
280360,KR7280360009,롯데웰푸드,ST
280920,KR7280920000,PLUS 주도업종,EF
280930,KR7280930009,KODEX 미국러셀2000(H),EF
280940,KR7280940008,KODEX 골드선물인버스(H),EF
281820,KR7281820001,케이씨텍,ST
281990,KR7281990002,RISE 중소형고배당,EF
282000,KR7282000009,RISE 국고채3년선물인버스,EF
282330,KR7282330000,BGF리테일,ST
283580,KR7283580009,KODEX 차이나CSI300,EF
284430,KR7284430006,KODEX 200미국채혼합50,EF
284740,KR7284740008,쿠쿠홈시스,ST
284980,KR7284980000,RISE 200금융,EF
285130,KR7285130001,SK케미칼,ST
28513K,KR728513K010,SK케미칼우,ST
285690,KR7285690004,FOCUS ESG리더스,EF
286940,KR7286940002,롯데이노베이트,ST
287180,KR7287180004,PLUS 미국나스닥테크,EF
289040,KR7289040008,KODEX MSCI KOREA ESG유니버설,EF
289250,KR7289250003,TIGER MSCI KOREA ESG유니버설,EF
289260,KR7289260002,TIGER MSCI KOREA ESG리더스,EF
289480,KR7289480006,TIGER 200커버드콜,EF
289670,KR7289670002,PLUS 국채선물10년,EF
290080,KR7290080001,RISE 200고배당커버드콜ATM,EF
290130,KR7290130004,RISE ESG사회책임투자,EF
291130,KR7291130003,ACE MSCI멕시코(합성),EF
291620,KR7291620003,KIWOOM 코스닥150선물인버스,EF
291630,KR7291630002,KIWOOM 코스닥150선물레버리지,EF
291680,KR7291680007,RISE 차이나H선물인버스(H),EF
291890,KR7291890002,KODEX MSCI EM선물(H),EF
292050,KR7292050002,RISE KRX300,EF
292150,KR7292150000,TIGER 코리아TOP10,EF
292160,KR7292160009,TIGER KRX300,EF
292190,KR7292190006,KODEX KRX300,EF
292500,KR7292500006,SOL KRX300,EF
292560,KR7292560000,TIGER 일본엔선물,EF
292770,KR7292770005,KODEX 국채선물3년인버스,EF
293180,KR7293180006,HANARO 200,EF
293480,KR7293480000,하나제약,ST
293940,KR7293940003,신한알파리츠,RT
294400,KR7294400007,KIWOOM 200TR,EF
294870,KR7294870001,IPARK현대산업개발,ST
295000,KR7295000004,RISE 국채선물10년,EF
295020,KR7295020002,RISE 국채선물10년인버스,EF
295040,KR7295040000,SOL 200TR,EF
298000,KR7298000001,효성화학,ST
298020,KR7298020009,효성티앤씨,ST
298040,KR7298040007,효성중공업,ST
298050,KR7298050006,HS효성첨단소재,ST
298340,KR7298340001,PLUS 국채선물3년,EF
298690,KR7298690009,에어부산,ST
298770,KR7298770009,KODEX 한국대만IT프리미어,EF
300610,KR7300610003,TIGER K게임,EF
300640,KR7300640000,RISE 게임테마,EF
300720,KR7300720000,한일시멘트,ST
300950,KR7300950003,KODEX 게임산업,EF
301400,KR7301400008,PLUS 코스닥150,EF
302190,KR7302190004,TIGER 중장기국채,EF
302440,KR7302440003,SK바이오사이언스,ST
302450,KR7302450002,RISE 코스피,EF
304660,KR7304660004,KODEX 미국30년국채울트라선물(H),EF
304670,KR7304670003,KODEX 미국30년국채울트라선물인버스(H),EF
304760,KR7304760002,HANARO KRX300,EF
304770,KR7304770001,HANARO 코스닥150,EF
304780,KR7304780000,HANARO 200선물레버리지,EF
304940,KR7304940000,KODEX 미국나스닥100선물(H),EF
305050,KR7305050007,ACE 코스피,EF
305080,KR7305080004,TIGER 미국채10년선물,EF
305540,KR7305540007,TIGER 2차전지테마,EF
305720,KR7305720005,KODEX 2차전지산업,EF
306200,KR7306200007,세아제강,ST
306520,KR7306520008,HANARO 200선물인버스,EF
306530,KR7306530007,HANARO 코스닥150선물레버리지,EF
306950,KR7306950007,KODEX KRX300레버리지,EF
307510,KR7307510008,TIGER 의료기기,EF
307520,KR7307520007,TIGER 지주회사,EF
307950,KR7307950006,현대오토에버,ST
308170,KR7308170000,씨티알모빌리티,ST
308620,KR7308620004,KODEX 미국10년국채선물,EF
309230,KR7309230001,ACE 미국WideMoat동일가중,EF
310080,KR7310080007,RISE 중국MSCI China(H),EF
310960,KR7310960000,TIGER 200TR,EF
310970,KR7310970009,TIGER MSCI Korea TR,EF
314250,KR7314250002,KODEX 미국빅테크10(H),EF
314700,KR7314700006,HANARO 농업융복합산업,EF
315270,KR7315270009,TIGER 200커뮤니케이션서비스,EF
315930,KR7315930008,KODEX Top5PlusTR,EF
315960,KR7315960005,RISE 대형고배당10TR,EF
316140,KR7316140003,우리금융지주,ST
316300,KR7316300003,ACE 싱가포르리츠,EF
316670,KR7316670009,KIWOOM 코스닥150,EF
317400,KR7317400000,자이에스앤디,ST
317450,KR7317450005,명인제약,ST
319640,KR7319640009,TIGER 골드선물(H),EF
321410,KR7321410003,KODEX 멀티에셋하이인컴(H),EF
322000,KR7322000001,HD현대에너지솔루션,ST
322400,KR7322400003,HANARO e커머스,EF
322410,KR7322410002,HANARO K고배당,EF
323410,KR7323410001,카카오뱅크,ST
325010,KR7325010007,KODEX 성장주,EF
325020,KR7325020006,KODEX 배당가치,EF
326030,KR7326030004,SK바이오팜,ST
326230,KR7326230000,RISE 내수주플러스,EF
326240,KR7326240009,RISE IT플러스,EF
328370,KR7328370002,PLUS 코스피TR,EF
329180,KR7329180004,HD현대중공업,ST
329200,KR7329200000,TIGER 리츠부동산인프라,EF
329650,KR7329650006,KODEX TRF3070,EF
329660,KR7329660005,KODEX TRF5050,EF
329670,KR7329670004,KODEX TRF7030,EF
329750,KR7329750004,TIGER 미국달러단기채권액티브,EF
330590,KR7330590001,롯데리츠,RT
332500,KR7332500008,ACE 200TR,EF
332610,KR7332610005,PLUS 미국단기회사채(AAA~A),EF
332620,KR7332620004,PLUS 미국장기우량회사채,EF
332930,KR7332930007,HANARO 200TR,EF
332940,KR7332940006,HANARO MSCI Korea TR,EF
334690,KR7334690005,RISE 팔라듐선물(H),EF
334700,KR7334700002,RISE 팔라듐선물인버스(H),EF
334890,KR7334890001,이지스밸류플러스리츠,RT
336160,KR7336160007,RISE 금융채액티브,EF
336260,KR7336260005,두산퓨얼셀,ST
33626K,KR733626K013,두산퓨얼셀1우,ST
33626L,KR733626K021,두산퓨얼셀2우B,ST
336370,KR7336370002,솔루스첨단소재,ST
33637K,KR733637K010,솔루스첨단소재1우,ST
33637L,KR733637K028,솔루스첨단소재2우B,ST
337120,KR7337120000,KODEX 멀티팩터,EF
337140,KR7337140008,KODEX 코스피대형주,EF
337150,KR7337150007,KODEX 200exTOP,EF
337160,KR7337160006,KODEX 200ESG,EF
338100,KR7338100001,NH프라임리츠,RT
339770,KR7339770000,교촌에프앤비,ST
341850,KR7341850006,TIGER 리츠부동산인프라채권,EF
344820,KR7344820006,KCC글라스,ST
348950,KR7348950007,제이알글로벌리츠,RT
350520,KR7350520003,이지스레지던스리츠,RT
352540,KR7352540009,KODEX 일본부동산리츠(H),EF
352560,KR7352560007,KODEX 미국부동산리츠(H),EF
352820,KR7352820005,하이브,ST
353200,KR7353200009,대덕전자,ST
35320K,KR735320K011,대덕전자1우,ST
354240,KR7354240004,RISE 미국고정배당우선증권,EF
354350,KR7354350001,HANARO 글로벌럭셔리S&P(합성),EF
354500,KR7354500001,ACE 코스닥150,EF
356540,KR7356540005,ACE 종합채권(AA-이상)액티브,EF
357120,KR7357120005,코람코라이프인프라리츠,RT
357250,KR7357250000,미래에셋맵스리츠,RT
357430,KR7357430008,마스턴프리미어리츠,RT
357870,KR7357870005,TIGER CD금리투자KIS(합성),EF
359210,KR7359210002,KODEX 코스피TR,EF
360140,KR7360140008,KODEX 200롱코스닥150숏선물,EF
360150,KR7360150007,KODEX 코스닥150롱코스피200숏선물,EF
360200,KR7360200000,ACE 미국S&P500,EF
360750,KR7360750004,TIGER 미국S&P500,EF
361580,KR7361580004,RISE 200TR,EF
361610,KR7361610009,SK아이이테크놀로지,ST
363280,KR7363280009,티와이홀딩스,ST
36328K,KR736328K013,티와이홀딩스우,ST
363510,KR7363510009,SOL KIS단기통안채,EF
363570,KR7363570003,KODEX 장기종합채권(AA-이상)액티브,EF
363580,KR7363580002,KODEX 200IT TR,EF
364690,KR7364690008,KODEX 혁신기술테마액티브,EF
364960,KR7364960005,TIGER BBIG,EF
364970,KR7364970004,TIGER 바이오TOP10,EF
364980,KR7364980003,TIGER 2차전지TOP10,EF
364990,KR7364990002,TIGER 게임TOP10,EF
365000,KR7365000009,TIGER 인터넷TOP10,EF
365040,KR7365040005,TIGER AI코리아그로스액티브,EF
365550,KR7365550003,ESR켄달스퀘어리츠,RT
365780,KR7365780006,ACE 국고채10년,EF
367380,KR7367380003,ACE 미국나스닥100,EF
367740,KR7367740008,HANARO Fn5G산업,EF
367760,KR7367760006,RISE 네트워크인프라,EF
367770,KR7367770005,RISE 수소경제테마,EF
368190,KR7368190005,HANARO Fn K-뉴딜디지털플러스,EF
368590,KR7368590006,RISE 미국나스닥100,EF
368680,KR7368680005,KODEX K-뉴딜디지털플러스,EF
371150,KR7371150004,RISE 차이나항셍테크,EF
371160,KR7371160003,TIGER 차이나항셍테크,EF
371450,KR7371450008,TIGER 글로벌클라우드컴퓨팅INDXX,EF
371460,KR7371460007,TIGER 차이나전기차SOLACTIVE,EF
371470,KR7371470006,TIGER 차이나바이오테크SOLACTIVE,EF
371870,KR7371870007,ACE 차이나항셍테크,EF
372330,KR7372330001,KODEX 차이나항셍테크,EF
372910,KR7372910000,한컴라이프케어,ST
373220,KR7373220003,LG에너지솔루션,ST
373490,KR7373490002,KODEX 코리아혁신성장액티브,EF
373790,KR7373790005,KIWOOM 미국방어배당성장나스닥,EF
375270,KR7375270006,RISE 글로벌데이터센터리츠(합성),EF
375500,KR7375500006,DL이앤씨,ST
37550K,KR737550K011,DL이앤씨우,ST
37550L,KR737550K029,DL이앤씨2우(전환),ST
375760,KR7375760006,HANARO 탄소효율그린뉴딜,EF
375770,KR7375770005,KODEX 탄소효율그린뉴딜,EF
376410,KR7376410007,TIGER 탄소효율그린뉴딜,EF
377190,KR7377190004,디앤디플랫폼리츠,RT
377300,KR7377300009,카카오페이,ST
377740,KR7377740006,바이오노트,ST
377990,KR7377990007,TIGER Fn신재생에너지,EF
378850,KR7378850002,화승알앤에이,ST
379780,KR7379780000,RISE 미국S&P500,EF
379790,KR7379790009,RISE 유로스탁스50(H),EF
379800,KR7379800006,KODEX 미국S&P500,EF
379810,KR7379810005,KODEX 미국나스닥100,EF
380340,KR7380340000,ACE 코리아AI테크핵심산업,EF
381170,KR7381170000,TIGER 미국테크TOP10 INDXX,EF
381180,KR7381180009,TIGER 미국필라델피아반도체나스닥,EF
381560,KR7381560002,HANARO Fn전기&수소차,EF
381570,KR7381570001,HANARO Fn친환경에너지,EF
381970,KR7381970003,케이카,ST
383220,KR7383220001,F&F,ST
383800,KR7383800000,LX홀딩스,ST
38380K,KR738380K012,LX홀딩스1우,ST
385510,KR7385510003,KODEX 신재생에너지액티브,EF
385520,KR7385520002,KODEX 자율주행액티브,EF
385540,KR7385540000,RISE 종합채권(A-이상)액티브,EF
385550,KR7385550009,RISE 단기채권알파액티브,EF
385560,KR7385560008,RISE KIS국고채30년Enhanced,EF
385590,KR7385590005,ACE ESG액티브,EF
385600,KR7385600002,ACE 2차전지&친환경차액티브,EF
385710,KR7385710009,TIME K이노베이션액티브,EF
385720,KR7385720008,TIME 코스피액티브,EF
387270,KR7387270002,TIGER 글로벌이노베이션액티브,EF
387280,KR7387280001,TIGER 퓨처모빌리티액티브,EF
388280,KR7388280000,RISE K엔터&여행레저,EF
388420,KR7388420002,RISE 비메모리반도체액티브,EF
390390,KR7390390003,KODEX 미국반도체,EF
390400,KR7390400000,KODEX 미국스마트모빌리티S&P,EF
391600,KR7391600004,ACE 미국친환경그린테마,EF
391670,KR7391670007,HK 베스트일레븐액티브,EF
394660,KR7394660005,TIGER 글로벌자율주행&전기차SOLACTIVE,EF
394670,KR7394670004,TIGER 글로벌리튬&2차전지SOLACTIVE(합성),EF
395150,KR7395150006,KODEX 웹툰&드라마,EF
395160,KR7395160005,KODEX AI반도체TOP2플러스,EF
395170,KR7395170004,KODEX Top10동일가중,EF
395270,KR7395270002,HANARO Fn K-반도체,EF
395280,KR7395280001,HANARO Fn K-게임,EF
395290,KR7395290000,HANARO Fn K-POP&미디어,EF
395400,KR7395400005,SK리츠,RT
395750,KR7395750003,PLUS ESG가치주액티브,EF
395760,KR7395760002,PLUS ESG성장주액티브,EF
396500,KR7396500001,TIGER 반도체TOP10,EF
396510,KR7396510000,TIGER 차이나클린에너지SOLACTIVE,EF
396520,KR7396520009,TIGER 차이나반도체FACTSET,EF
396690,KR7396690000,미래에셋글로벌리츠,RT
397420,KR7397420001,RISE 국채선물5년추종,EF
399110,KR7399110006,SOL 미국S&P500ESG,EF
399580,KR7399580000,RISE 글로벌클린에너지,EF
400570,KR7400570008,KODEX 유럽탄소배출권선물ICE(H),EF
400580,KR7400580007,SOL 유럽탄소배출권선물S&P(H),EF
400590,KR7400590006,SOL 글로벌탄소배출권선물ICE(합성),EF
400760,KR7400760005,NH올원리츠,RT
400970,KR7400970000,TIGER Fn메타버스,EF
401170,KR7401170006,RISE 메타버스,EF
401470,KR7401470000,KODEX 메타버스액티브,EF
401590,KR7401590005,HANARO 글로벌탄소배출권선물ICE(합성),EF
402340,KR7402340004,SK스퀘어,ST
402460,KR7402460000,HANARO Fn K-메타버스MZ,EF
402970,KR7402970008,ACE 미국배당다우존스,EF
403550,KR7403550007,쏘카,ST
403790,KR7403790009,MIDAS 코스피액티브,EF
404120,KR7404120008,TIME K신재생에너지액티브,EF
404260,KR7404260002,KODEX 기후변화솔루션,EF
404540,KR7404540007,TIGER KRX기후변화솔루션,EF
404650,KR7404650004,SOL KRX기후변화솔루션,EF
404990,KR7404990004,신한서부티엔디리츠,RT
407300,KR7407300003,HANARO Fn골프테마,EF
407310,KR7407310002,HANARO 200 TOP10,EF
407820,KR7407820000,에셋플러스 코리아플랫폼액티브,EF
407830,KR7407830009,에셋플러스 글로벌플랫폼액티브,EF
409810,KR7409810009,KODEX 미국나스닥100선물인버스(H),EF
409820,KR7409820008,KODEX 미국나스닥100레버리지(합성 H),EF
410870,KR7410870000,TIME K컬처액티브,EF
411060,KR7411060007,ACE KRX금현물,EF
411420,KR7411420003,KODEX 미국나스닥AI테크액티브,EF
411540,KR7411540008,SOL 200 Top10,EF
411860,KR7411860000,KIWOOM 독일DAX,EF
412560,KR7412560005,TIGER BBIG레버리지,EF
412570,KR7412570004,TIGER 2차전지TOP10레버리지,EF
412770,KR7412770000,TIGER 글로벌AI플랫폼액티브,EF
413220,KR7413220005,SOL 차이나태양광CSI(합성),EF
413930,KR7413930009,WON AI ESG액티브,EF
414270,KR7414270009,ACE 글로벌자율주행액티브,EF
414780,KR7414780007,TIGER 차이나과창판STAR50(합성),EF
415340,KR7415340009,KODEX 차이나과창판STAR50(합성),EF
415640,KR7415640002,KB발해인프라,IF
415760,KR7415760008,SOL 차이나육성산업액티브(합성),EF
415920,KR7415920008,PLUS 글로벌희토류&전략자원생산기업,EF
416090,KR7416090009,ACE 중국과창판STAR50,EF
417310,KR7417310000,코람코더원리츠,RT
417450,KR7417450004,RISE 글로벌수소경제,EF
417630,KR7417630001,TIGER KEDI혁신기업ESG30,EF
418660,KR7418660007,TIGER 미국나스닥100레버리지(합성),EF
418670,KR7418670006,TIGER 글로벌AI사이버보안,EF
419420,KR7419420005,KODEX 미국클린에너지나스닥,EF
419430,KR7419430004,KODEX 차이나2차전지MSCI(합성),EF
419650,KR7419650007,PLUS 글로벌수소&차세대연료전지,EF
419890,KR7419890009,KIWOOM 단기채권ESG액티브,EF
421320,KR7421320003,PLUS 우주항공,EF
422420,KR7422420000,RISE 2차전지액티브,EF
423160,KR7423160001,KODEX KOFR금리액티브(합성),EF
423170,KR7423170000,SOL 글로벌AI반도체탑픽액티브,EF
423920,KR7423920008,TIGER 미국필라델피아반도체레버리지(합성),EF
424460,KR7424460004,HANARO 글로벌워터MSCI(합성),EF
426020,KR7426020004,TIME 미국S&P500액티브,EF
426030,KR7426030003,TIME 미국나스닥100액티브,EF
426150,KR7426150009,WON 대한민국국고채액티브,EF
427120,KR7427120001,RISE AI플랫폼,EF
428510,KR7428510002,KODEX 차이나AI테크액티브,EF
428560,KR7428560007,KODEX 미국ETF산업Top10 Indxx,EF
429000,KR7429000003,TIGER 미국S&P500배당귀족,EF
429010,KR7429010002,TIGER 미국나스닥넥스트100,EF
429740,KR7429740004,PLUS K리츠,EF
429760,KR7429760002,PLUS 미국S&P500,EF
429980,KR7429980006,SOL 한국형글로벌전기차&2차전지액티브,EF
430500,KR7430500009,KIWOOM 물가채KIS,EF
432320,KR7432320000,KB스타리츠,RT
432600,KR7432600005,RISE 국채선물3년,EF
432840,KR7432840007,HANARO 미국S&P500,EF
433220,KR7433220001,에셋플러스 글로벌대장장이액티브,EF
433250,KR7433250008,UNICORN R&D 액티브,EF
433330,KR7433330008,SOL 미국S&P500,EF
433500,KR7433500006,ACE 원자력TOP10,EF
433880,KR7433880002,PLUS TDF2060액티브 적격,EF
433970,KR7433970001,KODEX TDF2030액티브 적격,EF
433980,KR7433980000,KODEX TDF2040액티브 적격,EF
434060,KR7434060000,KODEX TDF2050액티브 적격,EF
434730,KR7434730008,HANARO 원자력iSelect,EF
434960,KR7434960001,DAISHIN343 K200,EF
435040,KR7435040001,ACE 글로벌브랜드TOP10,EF
435420,KR7435420005,TIGER 미국나스닥100채권혼합50,EF
435530,KR7435530001,KIWOOM TDF2030액티브 적격,EF
435540,KR7435540000,KIWOOM TDF2040액티브 적격,EF
435550,KR7435550009,KIWOOM TDF2050액티브 적격,EF
436140,KR7436140008,SOL 종합채권(AA-이상)액티브,EF
437070,KR7437070006,KODEX 아시아달러채권ESG플러스액티브,EF
437080,KR7437080005,KODEX 미국종합채권ESG액티브(H),EF
437350,KR7437350002,RISE 미국단기투자등급회사채액티브,EF
437370,KR7437370000,RISE 글로벌농업경제,EF
438080,KR7438080004,ACE 미국S&P500미국채혼합50액티브,EF
438100,KR7438100000,ACE 미국나스닥100미국채혼합50액티브,EF
438320,KR7438320004,TIGER 차이나항셍테크레버리지(합성 H),EF
438330,KR7438330003,TIGER 우량회사채액티브,EF
438560,KR7438560005,SOL 국고채3년,EF
438570,KR7438570004,SOL 국고채10년,EF
438740,KR7438740003,MIDAS 중소형액티브,EF
438900,KR7438900003,HANARO Fn K-푸드,EF
439260,KR7439260001,대한조선,ST
439860,KR7439860008,KODEX ESG종합채권(A-이상)액티브,EF
439870,KR7439870007,KODEX 국고채30년액티브,EF
440340,KR7440340008,TIGER 글로벌멀티에셋TIF액티브,EF
440640,KR7440640001,ACE 단기채권알파액티브,EF
440650,KR7440650000,ACE 미국달러단기채권액티브,EF
440910,KR7440910008,WON 미국우주항공방산,EF
441540,KR7441540002,HANARO Fn조선해운,EF
441640,KR7441640000,KODEX 미국배당커버드콜액티브,EF
441680,KR7441680006,TIGER 미국나스닥100커버드콜(합성),EF
441800,KR7441800000,TIME Korea플러스배당액티브,EF
442090,KR7442090007,에셋플러스 코리아대장장이액티브,EF
442260,KR7442260006,마이티 다이나믹퀀트액티브,EF
442320,KR7442320008,RISE 글로벌원자력,EF
442550,KR7442550000,RISE TDF2030액티브 적격,EF
442560,KR7442560009,RISE TDF2040액티브 적격,EF
442570,KR7442570008,RISE TDF2050액티브 적격,EF
442580,KR7442580007,PLUS 글로벌HBM반도체,EF
443060,KR7443060009,HD현대마린솔루션,ST
444200,KR7444200000,SOL 코리아메가테크액티브,EF
444490,KR7444490007,WON 미국S&P500,EF
445150,KR7445150006,KODEX 친환경조선해운액티브,EF
445290,KR7445290000,KODEX 로봇액티브,EF
445690,KR7445690001,BNK 주주가치액티브,EF
445910,KR7445910003,TIGER MKF배당귀족,EF
446070,KR7446070005,유니드비티플러스,ST
446690,KR7446690000,KODEX 아시아AI반도체exChina액티브,EF
446700,KR7446700007,RISE 배터리 리사이클링,EF
446720,KR7446720005,SOL 미국배당다우존스,EF
446770,KR7446770000,ACE 글로벌반도체TOP4 Plus,EF
447430,KR7447430000,ACE 주주환원가치주액티브,EF
447620,KR7447620006,SOL 미국TOP5채권혼합50,EF
447660,KR7447660002,PLUS 애플채권혼합,EF
447770,KR7447770009,TIGER 테슬라채권혼합Fn,EF
448100,KR7448100008,WON 200,EF
448290,KR7448290007,TIGER 미국S&P500(H),EF
448300,KR7448300004,TIGER 미국나스닥100(H),EF
448330,KR7448330001,KODEX 삼성전자채권혼합,EF
448490,KR7448490003,HANARO 32-10 국고채액티브,EF
448540,KR7448540005,ACE 엔비디아채권혼합,EF
448570,KR7448570002,FOCUS AI코리아액티브,EF
448630,KR7448630004,RISE 삼성그룹Top3채권혼합,EF
448730,KR7448730002,삼성FN리츠,RT
449170,KR7449170000,TIGER KOFR금리액티브(합성),EF
449180,KR7449180009,KODEX 미국S&P500(H),EF
449190,KR7449190008,KODEX 미국나스닥100(H),EF
449450,KR7449450006,PLUS K방산,EF
449580,KR7449580000,RISE 테슬라애플아마존채권혼합,EF
449680,KR7449680008,TIGER 한중전기차(합성),EF
449690,KR7449690007,TIGER 한중반도체(합성),EF
449770,KR7449770007,KIWOOM 미국S&P500,EF
449780,KR7449780006,KIWOOM 미국S&P500(H),EF
450080,KR7450080007,에코프로머티,ST
450180,KR7450180005,KODEX 한중전기차(합성),EF
450190,KR7450190004,KODEX 한중반도체(합성),EF
450910,KR7450910005,SOL 코스닥150,EF
451000,KR7451000004,PLUS 종합채권(AA-이상)액티브,EF
451060,KR7451060008,1Q 200액티브,EF
451150,KR7451150007,에셋플러스 글로벌영에이지액티브,EF
451530,KR7451530000,TIGER 국고채30년스트립액티브,EF
451540,KR7451540009,TIGER 종합채권(AA-이상)액티브,EF
451600,KR7451600001,PLUS 국고채30년액티브,EF
451670,KR7451670004,RISE 국채30년레버리지(합성),EF
451800,KR7451800007,한화리츠,RT
452250,KR7452250004,ACE 미국30년국채선물레버리지(합성 H),EF
452260,KR7452260003,한화갤러리아,ST
45226K,KR745226K018,한화갤러리아우,ST
452360,KR7452360001,SOL 미국배당다우존스(H),EF
453010,KR7453010001,PLUS KOFR금리,EF
453060,KR7453060006,HANARO KOFR금리액티브(합성),EF
453080,KR7453080004,KIWOOM 미국나스닥100(H),EF
453330,KR7453330003,RISE 미국S&P500(H),EF
453340,KR7453340002,현대그린푸드,ST
453630,KR7453630006,KODEX 미국S&P500필수소비재,EF
453640,KR7453640005,KODEX 미국S&P500헬스케어,EF
453650,KR7453650004,KODEX 미국S&P500금융,EF
453660,KR7453660003,KODEX 미국S&P500경기소비재,EF
453810,KR7453810004,KODEX 인도Nifty50,EF
453820,KR7453820003,KODEX 인도Nifty50레버리지(합성),EF
453850,KR7453850000,ACE 미국30년국채액티브(H),EF
453870,KR7453870008,TIGER 인도니프티50,EF
453950,KR7453950008,TIGER TSMC파운드리밸류체인,EF
454180,KR7454180001,KIWOOM 차이나내수소비TOP CSI,EF
454320,KR7454320003,HANARO CAPEX설비투자iSelect,EF
454780,KR7454780008,KIWOOM 종합채권(AA-이상)액티브,EF
454910,KR7454910001,두산로보틱스,ST
455030,KR7455030007,KODEX 미국달러SOFR금리액티브(합성),EF
455660,KR7455660001,ACE 미국하이일드액티브(H),EF
455850,KR7455850008,SOL AI반도체소부장,EF
455860,KR7455860007,SOL 2차전지소부장Fn,EF
455890,KR7455890004,RISE 머니마켓액티브,EF
455960,KR7455960005,RISE 미국달러SOFR금리액티브(합성),EF
456040,KR7456040005,OCI,ST
456200,KR7456200005,PLUS 미국달러SOFR금리액티브(합성),EF
456250,KR7456250000,KODEX 유럽명품TOP10 STOXX,EF
456600,KR7456600006,TIME 글로벌AI인공지능액티브,EF
456610,KR7456610005,TIGER 미국달러SOFR금리액티브(합성),EF
456680,KR7456680008,TIGER 차이나전기차레버리지(합성),EF
456880,KR7456880004,ACE 미국달러SOFR금리(합성),EF
457190,KR7457190007,이수스페셜티케미컬,ST
457480,KR7457480002,ACE 테슬라밸류체인액티브,EF
457690,KR7457690006,KODEX 33-06 국고채액티브,EF
457700,KR7457700003,KODEX 53-09 국고채액티브,EF
457930,KR7457930006,BNK 미래전략기술액티브,EF
457990,KR7457990000,PLUS 태양광&ESS,EF
458030,KR7458030004,WON 국공채머니마켓액티브,EF
458210,KR7458210002,KIWOOM CD금리액티브(합성),EF
458250,KR7458250008,TIGER 미국30년국채스트립액티브(합성 H),EF
458260,KR7458260007,TIGER 미국투자등급회사채액티브(H),EF
458730,KR7458730009,TIGER 미국배당다우존스,EF
458750,KR7458750007,TIGER 미국배당다우존스타겟커버드콜1호,EF
458760,KR7458760006,TIGER 미국배당다우존스타겟커버드콜2호,EF
459560,KR7459560009,KODEX 테슬라밸류체인FactSet,EF
459580,KR7459580007,KODEX CD금리액티브(합성),EF
459750,KR7459750006,RISE 글로벌주식분산액티브,EF
459790,KR7459790002,KIWOOM 미국성장기업30액티브,EF
460270,KR7460270002,KIWOOM 미국달러SOFR금리액티브(합성),EF
460660,KR7460660004,RISE 미국S&P배당킹,EF
460850,KR7460850001,동국씨엠,ST
460860,KR7460860000,동국제강,ST
460960,KR7460960008,ACE 글로벌인컴TOP10,EF
461340,KR7461340002,HANARO 글로벌생성형AI액티브,EF
461450,KR7461450009,KODEX 코스닥글로벌,EF
461460,KR7461460008,PLUS 국고채10년액티브,EF
461490,KR7461490005,RISE 글로벌자산배분액티브,EF
461500,KR7461500001,HANARO 종합채권(AA-이상)액티브,EF
461580,KR7461580003,TIGER 코스닥글로벌,EF
461600,KR7461600009,SOL 미국30년국채액티브(H),EF
461900,KR7461900003,PLUS 미국테크TOP10,EF
461910,KR7461910002,PLUS 미국테크TOP10레버리지(합성),EF
461950,KR7461950008,KODEX 2차전지핵심소재10,EF
462010,KR7462010000,TIGER 2차전지소재Fn,EF
462330,KR7462330002,KODEX 2차전지산업레버리지,EF
462340,KR7462340001,에셋플러스 글로벌다이나믹시니어액티브,EF
462520,KR7462520008,조선내화,ST
462870,KR7462870007,시프트업,ST
462900,KR7462900002,KoAct 바이오헬스케어액티브,EF
463050,KR7463050005,TIME K바이오액티브,EF
463250,KR7463250001,TIGER K방산&우주,EF
463290,KR7463290007,1Q 단기금융채액티브,EF
463300,KR7463300004,RISE 중국본토CSI300,EF
463640,KR7463640003,KODEX 미국S&P500유틸리티,EF
463680,KR7463680009,KODEX 미국S&P500테크놀로지,EF
463690,KR7463690008,KODEX 미국S&P500커뮤니케이션,EF
464240,KR7464240001,KIWOOM 26-09회사채(AA-이상)액티브,EF
464310,KR7464310002,TIGER 글로벌AI&로보틱스 INDXX,EF
464470,KR7464470004,PLUS 미국채30년액티브,EF
464600,KR7464600006,SOL 자동차소부장Fn,EF
464610,KR7464610005,SOL 의료기기소부장Fn,EF
464920,KR7464920008,PLUS 일본반도체소부장,EF
464930,KR7464930007,TIGER 글로벌혁신블루칩TOP10,EF
465330,KR7465330009,RISE 2차전지TOP10,EF
465350,KR7465350007,RISE 2차전지TOP10인버스(합성),EF
465580,KR7465580009,ACE 미국빅테크TOP7 Plus,EF
465610,KR7465610004,ACE 미국빅테크TOP7 Plus레버리지(합성),EF
465620,KR7465620003,ACE 미국빅테크TOP7 Plus인버스(합성),EF
465660,KR7465660009,TIGER 일본반도체FACTSET,EF
465670,KR7465670008,TIGER 미국캐시카우100,EF
465770,KR7465770006,STX그린로지스,ST
465780,KR7465780005,마이티 26-09 특수채(AAA)액티브,EF
466810,KR7466810009,BNK 2차전지양극재,EF
466920,KR7466920006,SOL 조선TOP3플러스,EF
466930,KR7466930005,SOL 자동차TOP3플러스,EF
466940,KR7466940004,TIGER 은행고배당플러스TOP10,EF
466950,KR7466950003,TIGER 글로벌AI액티브,EF
468370,KR7468370002,KODEX iShares미국인플레이션국채액티브,EF
468380,KR7468380001,KODEX iShares미국하이일드액티브,EF
468630,KR7468630009,KODEX iShares미국투자등급회사채액티브,EF
469050,KR7469050009,RISE 미국반도체NYSE(H),EF
469060,KR7469060008,RISE 미국반도체NYSE,EF
469070,KR7469070007,RISE AI&로봇,EF
469150,KR7469150007,ACE AI반도체TOP3+,EF
469160,KR7469160006,ACE 일본반도체,EF
469170,KR7469170005,ACE 포스코그룹포커스,EF
469530,KR7469530000,RISE 미국달러선물인버스,EF
469790,KR7469790000,KIWOOM 코리아테크TOP10,EF
469830,KR7469830004,SOL 초단기채권액티브,EF
470310,KR7470310004,UNICORN 생성형AI강소기업액티브,EF
471040,KR7471040006,KoAct 글로벌AI&로봇액티브,EF
471230,KR7471230003,KODEX 국고채10년액티브,EF
471460,KR7471460006,KIWOOM 국고채30년액티브,EF
471760,KR7471760009,TIGER AI반도체핵심공정,EF
471780,KR7471780007,TIGER 코리아테크액티브,EF
471990,KR7471990002,KODEX AI반도체핵심장비,EF
472150,KR7472150002,TIGER 배당커버드콜액티브,EF
472160,KR7472160001,TIGER 미국테크TOP10 INDXX(H),EF
472170,KR7472170000,TIGER 미국테크TOP10채권혼합,EF
472720,KR7472720002,TRUSTON 주주가치액티브,EF
472830,KR7472830009,RISE 미국30년국채커버드콜(합성),EF
472840,KR7472840008,IBK 200,EF
472870,KR7472870005,RISE 미국30년국채엔화노출(합성 H),EF
472920,KR7472920008,HK 종합채권(AA-이상)액티브,EF
473290,KR7473290005,KODEX 26-12 회사채(AA-이상)액티브,EF
473330,KR7473330009,SOL 미국30년국채커버드콜(합성),EF
473440,KR7473440006,ACE 11월만기자동연장회사채AA-이상액티브,EF
473460,KR7473460004,KODEX 미국서학개미,EF
473490,KR7473490001,KIWOOM 글로벌AI반도체,EF
473590,KR7473590008,ACE 미국주식베스트셀러,EF
473640,KR7473640001,HANARO 글로벌금채굴기업,EF
474220,KR7474220001,TIGER 미국테크TOP10타겟커버드콜,EF
474390,KR7474390002,SOL 국고채30년액티브,EF
474590,KR7474590007,WON 반도체밸류체인액티브,EF
474800,KR7474800000,KIWOOM 미국원유에너지기업,EF
474920,KR7474920006,에셋플러스 차이나일등기업포커스10액티브,EF
475050,KR7475050001,ACE KPOP포커스,EF
475070,KR7475070009,KoAct 글로벌친환경전력인프라액티브,EF
475080,KR7475080008,KODEX 테슬라커버드콜채권혼합액티브,EF
475150,KR7475150009,SK이터닉스,ST
475260,KR7475260006,ACE 2월만기자동연장회사채AA-이상액티브,EF
475270,KR7475270005,ACE 5월만기자동연장회사채AA-이상액티브,EF
475280,KR7475280004,ACE 8월만기자동연장회사채AA-이상액티브,EF
475300,KR7475300000,SOL 반도체전공정,EF
475310,KR7475310009,SOL 반도체후공정,EF
475350,KR7475350005,RISE 버크셔포트폴리오TOP10,EF
475380,KR7475380002,RISE 글로벌리얼티인컴,EF
475560,KR7475560009,더본코리아,ST
475630,KR7475630000,TIGER CD1년금리액티브(합성),EF
475720,KR7475720009,RISE 200위클리커버드콜,EF
476000,KR7476000005,UNICORN 포스트IPO액티브,EF
476030,KR7476030002,SOL 미국나스닥100,EF
476070,KR7476070008,KODEX 글로벌비만치료제TOP2 Plus,EF
476260,KR7476260005,HANARO 반도체핵심공정주도주,EF
476310,KR7476310008,RISE 글로벌비만산업TOP2+,EF
476450,KR7476450002,KIWOOM 머니마켓액티브,EF
476550,KR7476550009,TIGER 미국30년국채커버드콜액티브(H),EF
476690,KR7476690003,TIGER 글로벌비만치료제TOP2Plus,EF
476750,KR7476750005,ACE 미국30년국채엔화노출액티브(H),EF
476760,KR7476760004,ACE 미국30년국채액티브,EF
476800,KR7476800008,KODEX 한국부동산리츠인프라,EF
476850,KR7476850003,KoAct 배당성장액티브,EF
477050,KR7477050009,PLUS 머니마켓액티브,EF
477080,KR7477080006,RISE CD금리액티브(합성),EF
477490,KR7477490007,에셋플러스 글로벌일등기업포커스10액티브,EF
477730,KR7477730006,KODEX 인도타타그룹,EF
478150,KR7478150006,TIME 글로벌우주테크&방산액티브,EF
479080,KR7479080004,1Q 머니마켓액티브,EF
479520,KR7479520009,RISE KOFR금리액티브(합성),EF
479620,KR7479620007,SOL 미국AI반도체칩메이커,EF
479730,KR7479730004,TIGER 인도빌리언컨슈머,EF
479850,KR7479850000,HANARO K-뷰티,EF
480020,KR7480020007,ACE 미국빅테크7+데일리타겟커버드콜(합성),EF
480030,KR7480030006,ACE 미국500데일리타겟커버드콜(합성),EF
480040,KR7480040005,ACE 미국반도체데일리타겟커버드콜(합성),EF
480260,KR7480260009,TIGER 27-04회사채(A+이상)액티브,EF
480310,KR7480310002,TIGER 글로벌온디바이스AI,EF
480370,KR7480370006,씨케이솔루션,ST
480460,KR7480460005,WON 한국부동산TOP3플러스,EF
481050,KR7481050003,KODEX CD1년금리플러스액티브(합성),EF
481060,KR7481060002,KODEX 미국30년국채타겟커버드콜(합성 H),EF
481180,KR7481180008,SOL 미국AI소프트웨어,EF
481190,KR7481190007,SOL 미국테크TOP10,EF
481340,KR7481340008,RISE 미국30년국채액티브,EF
481430,KR7481430007,RISE 국고채10년액티브,EF
481850,KR7481850006,신한글로벌액티브리츠,RT
482030,KR7482030004,KoAct 반도체&2차전지핵심소재액티브,EF
482730,KR7482730009,TIGER 미국S&P500타겟데일리커버드콜,EF
483020,KR7483020004,KIWOOM 의료AI,EF
483030,KR7483030003,KIWOOM 미국블록버스터바이오테크의약품+,EF
483280,KR7483280004,KODEX 미국AI테크TOP10타겟커버드콜,EF
483290,KR7483290003,KODEX 미국배당다우존스타겟커버드콜,EF
483320,KR7483320008,ACE 엔비디아밸류체인액티브,EF
483330,KR7483330007,ACE 마이크로소프트밸류체인액티브,EF
483340,KR7483340006,ACE 구글밸류체인액티브,EF
483420,KR7483420006,ACE 애플밸류체인액티브,EF
483570,KR7483570008,KCGI 미국S&P500 TOP10,EF
483650,KR7483650008,달바글로벌,ST
484790,KR7484790001,KODEX 미국30년국채액티브(H),EF
484870,KR7484870001,엠앤씨솔루션,ST
484880,KR7484880000,SOL 금융지주플러스고배당,EF
484890,KR7484890009,SOL 머니마켓액티브,EF
485540,KR7485540009,KODEX 미국AI테크TOP10,EF
485690,KR7485690002,RISE 미국AI밸류체인TOP3Plus,EF
485810,KR7485810006,TIME 글로벌바이오액티브,EF
486240,KR7486240005,DAISHIN343 AI반도체&인프라액티브,EF
486290,KR7486290000,TIGER 미국나스닥100타겟데일리커버드콜,EF
486450,KR7486450000,SOL 미국AI전력인프라,EF
486830,KR7486830003,HANARO 머니마켓액티브,EF
487130,KR7487130007,KoAct AI인프라액티브,EF
487230,KR7487230005,KODEX 미국AI전력핵심인프라,EF
487240,KR7487240004,KODEX AI전력핵심설비,EF
487340,KR7487340002,ACE 머니마켓액티브,EF
487570,KR7487570004,HS효성,ST
487750,KR7487750002,BNK 온디바이스AI,EF
487910,KR7487910002,ACE 인도컨슈머파워액티브,EF
487920,KR7487920001,ACE 인도시장대표BIG5그룹액티브,EF
487950,KR7487950008,KODEX 대만테크고배당다우존스,EF
488080,KR7488080003,TIGER 반도체TOP10레버리지,EF
488200,KR7488200007,KIWOOM K-2차전지북미공급망,EF
488210,KR7488210006,KIWOOM K-반도체북미공급망,EF
488290,KR7488290008,MIDAS 일본테크액티브,EF
488480,KR7488480005,RISE 일본섹터TOP4Plus,EF
488500,KR7488500000,TIGER 미국S&P500동일가중,EF
488720,KR7488720004,WON 종합채권(AA-이상)액티브,EF
488770,KR7488770009,KODEX 머니마켓액티브,EF
488980,KR7488980004,SOL 26-12 회사채(AA-이상)액티브,EF
489000,KR7489000000,PLUS 일본엔화초단기국채(합성),EF
489010,KR7489010009,PLUS 글로벌AI인프라,EF
489030,KR7489030007,PLUS 고배당주위클리커버드콜,EF
489250,KR7489250001,KODEX 미국배당다우존스,EF
489290,KR7489290007,WON 미국빌리어네어,EF
489790,KR7489790006,한화비전,ST
489860,KR7489860007,KIWOOM 글로벌전력GRID인프라,EF
490090,KR7490090008,TIGER 미국AI빅테크10,EF
490330,KR7490330008,KoAct 미국치매&뇌질환치료제액티브,EF
490480,KR7490480001,SOL K방산,EF
490490,KR7490490000,SOL 미국배당미국채혼합50,EF
490590,KR7490590007,RISE 미국AI밸류체인데일리고정커버드콜,EF
490600,KR7490600004,RISE 미국배당100데일리고정커버드콜,EF
491010,KR7491010005,TIGER 글로벌AI전력인프라액티브,EF
491090,KR7491090007,KODEX 미국테크TOP3플러스,EF
491220,KR7491220000,PLUS 200TR,EF
491230,KR7491230009,PLUS 국공채머니마켓액티브,EF
491510,KR7491510004,파워 K-주주가치액티브,EF
491610,KR7491610002,1Q CD금리액티브(합성),EF
491620,KR7491620001,RISE 미국테크100데일리고정커버드콜,EF
491630,KR7491630000,RISE 미국반도체인버스(합성 H),EF
491700,KR7491700001,HK 200,EF
491820,KR7491820007,HANARO 전력설비투자,EF
491830,KR7491830006,TIGER 미국AI반도체팹리스,EF
492500,KR7492500004,1Q 현대차그룹채권(A+이상)&국고통안,EF
493420,KR7493420004,SOL 미국배당다우존스2호,EF
493810,KR7493810006,TIGER 미국AI빅테크10타겟데일리커버드콜,EF
494180,KR7494180003,TIME 글로벌소비트렌드액티브,EF
494210,KR7494210008,SOL 미국500타겟데일리커버드콜액티브,EF
494220,KR7494220007,UNICORN SK하이닉스밸류체인액티브,EF
494300,KR7494300007,KODEX 미국나스닥100데일리커버드콜OTM,EF
494310,KR7494310006,KODEX 반도체레버리지,EF
494330,KR7494330004,ACE 라이프자산주주가치액티브,EF
494340,KR7494340003,ACE 글로벌AI맞춤형반도체,EF
494410,KR7494410004,PLUS 미국S&P500성장주,EF
494420,KR7494420003,PLUS 미국배당증가성장주데일리커버드콜,EF
494670,KR7494670003,TIGER 조선TOP10,EF
494840,KR7494840002,TIGER 미국방산TOP10,EF
494890,KR7494890007,KODEX 200액티브,EF
495040,KR7495040008,PLUS 코리아밸류업,EF
495050,KR7495050007,RISE 코리아밸류업,EF
495060,KR7495060006,TIME 코리아밸류업액티브,EF
495230,KR7495230005,KoAct 코리아밸류업액티브,EF
495330,KR7495330003,1Q 코리아밸류업,EF
495550,KR7495550006,SOL 코리아밸류업TR,EF
495750,KR7495750002,HANARO 코리아밸류업,EF
495850,KR7495850000,KODEX 코리아밸류업,EF
495940,KR7495940009,RISE 미국AI테크액티브,EF
496020,KR7496020009,WON 전단채플러스액티브,EF
496080,KR7496080003,TIGER 코리아밸류업,EF
496090,KR7496090002,KIWOOM 코리아밸류업,EF
496120,KR7496120007,ACE 코리아밸류업,EF
496130,KR7496130006,TRUSTON 코리아밸류업액티브,EF
496770,KR7496770009,PLUS 글로벌방산,EF
497510,KR7497510008,ACE 글로벌빅파마,EF
497520,KR7497520007,ACE 일라이릴리밸류체인,EF
497570,KR7497570002,TIGER 미국필라델피아AI반도체나스닥,EF
497780,KR7497780007,KoAct 미국천연가스인프라액티브,EF
497880,KR7497880005,SOL CD금리&머니마켓액티브,EF
498050,KR7498050004,HANARO 바이오코리아액티브,EF
498180,KR7498180009,파워 종합채권(AA-이상)액티브,EF
498270,KR7498270008,KIWOOM 미국양자컴퓨팅,EF
498400,KR7498400001,KODEX 200타겟위클리커버드콜,EF
498410,KR7498410000,KODEX 금융고배당TOP10타겟위클리커버드콜,EF
498610,KR7498610005,RISE 인도디지털성장,EF
498860,KR7498860006,RISE 코리아금융고배당,EF
499150,KR7499150001,SOL 미국S&P500엔화노출(H),EF
499660,KR7499660009,TIGER CD금리플러스액티브(합성),EF
499790,KR7499790004,GS피앤엘,ST
950210,KR8702070002,프레스티지바이오파마,DR
J0036221D,KRA0036221D6,KG모빌리티 122WR,SW
J0047101G,KRA0047101G0,한솔테크닉스 39R,SR
J0088301G,KRA0088301G6,대동기어 7R,SR
J0098301G,KRA0098301G4,한화솔루션 51R,SR
J0110801G,KRA0110801G7,형지I&C 18R,SR
J0113321F,KRA0113321F5,유니켐 41WR,SW
J0669721F,KRA0669721F4,엘앤에프 7WR,SW
J0671721G,KRA0671721G8,오텍 13WR,SW
Q500061,KRG500000614,신한 인버스 코스피 200 선물 ETN,EN
Q500063,KRG500000630,신한 인버스 코스닥 150 선물 ETN,EN
Q500067,KRG500000671,신한 레버리지 10년 국채선물 ETN,EN
Q500068,KRG500000689,신한 인버스 2X 10년 국채선물 ETN,EN
Q500069,KRG500000697,신한 레버리지 코스피 200 선물 ETN,EN
Q500071,KRG500000713,신한 레버리지 코스닥 150 선물 ETN,EN
Q500072,KRG500000721,신한 인버스 2X 코스닥 150 선물 ETN,EN
Q500085,KRG500000853,신한 코스피 200 TR ETN,EN
Q500086,KRG500000861,신한 코스닥 150 TR ETN,EN
Q500091,KRG500000911,신한 33-12 국고채 플러스 ETN,EN
Q500093,KRG500000937,신한 블룸버그 레버리지 WTI원유선물 ETN B,EN
Q500094,KRG500000945,신한 블룸버그 인버스2X WTI원유선물 ETN B,EN
Q500095,KRG500000952,신한 S&P500 VIX S/T 선물 ETN E,EN
Q500096,KRG500000960,신한 인버스2X 천연가스 선물 ETN B,EN
Q500097,KRG500000978,신한 레버리지 Russell 2000 ETN B,EN
Q500098,KRG500000986,신한 인버스 2X Russell 2000 ETN B,EN
Q500099,KRG500000994,신한 WTI원유 선물 ETN,EN
Q500100,KRG500001000,신한 금 선물 ETN,EN
Q500101,KRG500001018,신한 블룸버그 천연가스 선물 ETN,EN
Q500102,KRG500001026,신한 블룸버그 2X 천연가스 선물 ETN B,EN
Q500035,KRG501500356,신한 레버리지 미국달러 선물 ETN,EN
Q500036,KRG501500364,신한 인버스 2X 미국달러 선물 ETN,EN
Q500020,KRG502100206,신한 레버리지 다우존스지수 선물 ETN(H),EN
Q500028,KRG502100289,신한 인버스 2X 다우존스지수 선물 ETN(H),EN
Q500050,KRG502100503,신한 레버리지 S&P500 선물 ETN,EN
Q500051,KRG502100511,신한 인버스 2X S&P500 선물 ETN,EN
Q500023,KRG502400234,신한 콩 선물 ETN(H),EN
Q500024,KRG502400242,신한 인버스 콩 선물 ETN(H),EN
Q500029,KRG502400291,신한 레버리지 은 선물 ETN(H),EN
Q500030,KRG502400309,신한 인버스 2X 은 선물 ETN(H),EN
Q500037,KRG502400374,신한 레버리지 금 선물 ETN,EN
Q500038,KRG502400382,신한 인버스 2X 금 선물 ETN,EN
Q500040,KRG502400408,신한 레버리지 구리 선물 ETN,EN
Q500041,KRG502400416,신한 인버스 2X 구리 선물 ETN,EN
Q510027,KRG510000273,대신 인버스 2X 코스닥 150 선물 ETN,EN
Q510043,KRG510000430,대신 인버스 천연가스 선물 ETN(H) B,EN
Q510044,KRG510000448,대신 레버리지 미국달러 선물 ETN,EN
Q510045,KRG510000455,대신 인버스 2X 미국달러 선물 ETN,EN
Q520037,KRG520000370,미래에셋 코스피200 선물 ETN,EN
Q520038,KRG520000388,미래에셋 인버스 코스피200 선물 ETN,EN
Q520039,KRG520000396,미래에셋 코스닥150 선물 ETN,EN
Q520040,KRG520000404,미래에셋 인버스 코스닥150 선물 ETN,EN
Q520046,KRG520000461,미래에셋 레버리지 옥수수 선물 ETN,EN
Q520047,KRG520000479,미래에셋 인버스 2X 옥수수 선물 ETN,EN
Q520054,KRG520000545,미래에셋 레버리지 코스피200 선물 ETN,EN
Q520056,KRG520000560,미래에셋 레버리지 코스닥150 선물 ETN,EN
Q520057,KRG520000578,미래에셋 인버스 2X 코스닥150 선물 ETN,EN
Q520064,KRG520000644,미래에셋 2X 미국채울트라30년 선물 ETN,EN
Q520065,KRG520000651,미래에셋 -2X 미국채울트라30년 선물 ETN,EN
Q520066,KRG520000669,미래에셋 KRX금현물 Auto-KO-C 2810-01 ETN,EN
Q520068,KRG520000685,미래에셋 2X 홍콩H 선물 ETN,EN
Q520069,KRG520000693,미래에셋 -2X 홍콩H 선물 ETN(H),EN
Q520072,KRG520000727,미래에셋 미국 AI TOP3 ETN,EN
Q520073,KRG520000735,미래에셋 레버리지 미국 AI TOP3 ETN,EN
Q520074,KRG520000743,미래에셋 미국 방위산업 TOP3 ETN,EN
Q520075,KRG520000750,미래에셋 레버리지 미국 방위산업 TOP3 ETN,EN
Q520076,KRG520000768,미래에셋 1.5X 천연가스 선물 ETN,EN
Q520077,KRG520000776,미래에셋 -1.5X 천연가스 선물 ETN,EN
Q520078,KRG520000784,미래에셋 미국 제약 TOP3 ETN,EN
Q520079,KRG520000792,미래에셋 레버리지 미국 제약 TOP3 ETN,EN
Q520080,KRG520000800,미래에셋 미국 테크&반도체 TOP3 ETN,EN
Q520081,KRG520000818,미래에셋 2X 미국 테크&반도체 TOP3 ETN,EN
Q520082,KRG520000826,미래에셋 미국 자율주행대표기업 ETN,EN
Q520083,KRG520000834,미래에셋 2X 미국 자율주행대표기업 ETN,EN
Q520084,KRG520000842,미래에셋 -2X 미국 자율주행대표기업 ETN,EN
Q520085,KRG520000859,미래에셋 -2X 미국 AI TOP3 ETN,EN
Q520086,KRG520000867,미래에셋-0.5X S&P500 VIX S/T선물 ETN(H)B,EN
Q520087,KRG520000875,미래에셋 레버리지 KRX 금현물 ETN,EN
Q520088,KRG520000883,미래에셋 S&P500 VIX S/T 선물 ETN(H),EN
Q520089,KRG520000891,미래에셋 CAPE 실러 US Core Sector ETN,EN
Q520090,KRG520000909,미래에셋 천연가스 선물 ETN B,EN
Q520091,KRG520000917,미래에셋 인버스 천연가스 선물 ETN B,EN
Q520092,KRG520000925,미래에셋 레버리지 은 선물 ETN B,EN
Q520093,KRG520000933,미래에셋 인버스 2X 은 선물 ETN B,EN
Q520094,KRG520000941,미래에셋 CD금리 플러스 ETN,EN
Q520097,KRG520000974,미래에셋 1.5X S&P500 VIX S/T선물 ETN,EN
Q520098,KRG520000982,미래에셋 레버리지 반도체 ETN,EN
Q520099,KRG520000990,미래에셋 인버스 2X 반도체 ETN,EN
Q520100,KRG520001006,미래에셋 레버리지 삼성전자 단일종목 ETN,EN
Q520101,KRG520001014,미래에셋 레버리지 SK하이닉스 단일종목ETN,EN
Q520102,KRG520001022,미래에셋 인버스 2X 코스피200 선물 ETN B,EN
Q530083,KRG530000832,삼성 금 선물 ETN(H),EN
Q530084,KRG530000840,삼성 인버스 금 선물 ETN(H),EN
Q530089,KRG530000899,삼성 은 선물 ETN(H),EN
Q530090,KRG530000907,삼성 인버스 은 선물 ETN(H),EN
Q530092,KRG530000923,삼성 인버스 코스피 200 선물 ETN,EN
Q530094,KRG530000949,삼성 인버스 코스닥 150 선물 ETN,EN
Q530095,KRG530000956,삼성 구리 선물 ETN(H),EN
Q530096,KRG530000964,삼성 인버스 구리 선물 ETN(H),EN
Q530104,KRG530001046,삼성 레버리지 코스피200 선물 ETN,EN
Q530106,KRG530001061,삼성 레버리지 코스닥150 선물 ETN,EN
Q530107,KRG530001079,삼성 인버스 2X 코스닥150 선물 ETN,EN
Q530112,KRG530001129,삼성 S&P500 TR ETN,EN
Q530113,KRG530001137,삼성 레버리지 S&P500 선물 ETN,EN
Q530114,KRG530001145,삼성 인버스 2X S&P500 선물 ETN,EN
Q530115,KRG530001152,삼성 레버리지 나스닥 100 TR ETN,EN
Q530116,KRG530001160,삼성 인버스 2X 나스닥 100 TR ETN,EN
Q530117,KRG530001178,삼성 코스피 200 TR ETN,EN
Q530118,KRG530001186,삼성 코스닥 150 TR ETN,EN
Q530119,KRG530001194,삼성 레버리지 항셍테크 TR ETN(H) B,EN
Q530120,KRG530001202,삼성 나스닥 100 TR ETN,EN
Q530121,KRG530001210,삼성 항셍테크 TR ETN(H) B,EN
Q530122,KRG530001228,삼성 인버스 2X 항셍테크 TR ETN(H) B,EN
Q530123,KRG530001236,삼성 일본니케이225선물 ETN(H),EN
Q530124,KRG530001244,삼성 레버리지 일본니케이225선물 ETN(H),EN
Q530125,KRG530001251,삼성 인버스 2X 일본니케이225선물 ETN(H),EN
Q530126,KRG530001269,삼성 코리아 밸류업 TR ETN,EN
Q530127,KRG530001277,삼성 미국다우존스 TR ETN,EN
Q530128,KRG530001285,삼성 레버리지 미국다우존스 선물 ETN,EN
Q530129,KRG530001293,삼성 인버스 2X 미국다우존스 선물 ETN,EN
Q530130,KRG530001301,삼성 S&P500 VIX S/T 선물 ETN B,EN
Q530131,KRG530001319,삼성 인버스0.5X S&P500 VIX S/T선물 ETN B,EN
Q530132,KRG530001327,삼성 블룸버그 WTI원유 선물 ETN B,EN
Q530133,KRG530001335,삼성 블룸버그 레버리지 WTI원유선물 ETN B,EN
Q530134,KRG530001343,삼성 블룸버그 인버스2X WTI원유선물 ETN B,EN
Q530135,KRG530001350,삼성 인버스 China A50 선물 ETN(H) B,EN
Q530136,KRG530001368,삼성 인버스 2X 천연가스 선물 ETN D,EN
Q530137,KRG530001376,삼성 KRX 2차전지 TOP10 TR ETN,EN
Q530138,KRG530001384,삼성 KRX 레버리지 2차전지 TOP10 TR ETN,EN
Q530139,KRG530001392,삼성 iSelect 조선 TOP10 TR ETN,EN
Q530140,KRG530001400,삼성 iSelect 레버리지 조선 TOP10 TR ETN,EN
Q530141,KRG530001418,삼성 중국 자동차 TOP5 TR ETN(H),EN
Q530142,KRG530001426,삼성 중국 AI 테크 TOP5 TR ETN(H),EN
Q530143,KRG530001434,삼성 인버스 2X 은 선물 ETN,EN
Q530145,KRG530001459,삼성 레버리지 천연가스 선물 ETN D,EN
Q530067,KRG531400676,삼성 KRX 금현물 ETN,EN
Q530060,KRG531800602,삼성 코스피 양매도 5% OTM ETN,EN
Q530031,KRG532400311,삼성 레버리지 WTI원유 선물 ETN,EN
Q530036,KRG532400360,삼성 인버스 2X WTI원유 선물 ETN,EN
Q530055,KRG532400550,삼성 레버리지 금 선물 ETN(H),EN
Q530056,KRG532400568,삼성 인버스 2X 금 선물 ETN(H),EN
Q530061,KRG532400618,삼성 레버리지 은 선물 ETN(H),EN
Q530062,KRG532400626,삼성 인버스 2X 은 선물 ETN(H),EN
Q530063,KRG532400634,삼성 레버리지 구리 선물 ETN(H),EN
Q530064,KRG532400642,삼성 인버스 2X 구리 선물 ETN(H),EN
Q550062,KRG550000621,N2 레버리지 금 선물 ETN(H),EN
Q550063,KRG550000639,N2 인버스 레버리지 금 선물 ETN(H),EN
Q550064,KRG550000647,N2 레버리지 은 선물 ETN(H),EN
Q550069,KRG550000696,N2 레버리지 구리 선물 ETN(H),EN
Q550070,KRG550000704,N2 인버스 레버리지 구리 선물 ETN(H),EN
Q550082,KRG550000829,N2 KIS CD금리투자 ETN,EN
Q550084,KRG550000845,N2 코스피 200 TR ETN,EN
Q550085,KRG550000852,N2 코스닥 150 TR ETN,EN
Q550087,KRG550000878,N2 선진국 1등주 ETN,EN
Q550088,KRG550000886,N2 월간 레버리지 선진국 1등주 ETN,EN
Q550089,KRG550000894,N2 월간 레버리지 코스피 200 선물 ETN,EN
Q550091,KRG550000910,N2 방위산업 Top5 ETN,EN
Q550092,KRG550000928,N2 월간 레버리지 방위산업 Top5 ETN,EN
Q550093,KRG550000936,N2 전력인프라 Top5 ETN,EN
Q550095,KRG550000951,N2 레버리지 국채10년 ETN,EN
Q550096,KRG550000969,N2 레버리지 국채30년 ETN,EN
Q550097,KRG550000977,N2 레버리지 코스닥150 선물 ETN,EN
Q550098,KRG550000985,N2 인버스 2X 코스닥150 선물 ETN,EN
Q550099,KRG550000993,N2 레버리지 천연가스 선물 ETN,EN
Q550100,KRG550001009,N2 인버스 2X 천연가스 선물 ETN,EN
Q550041,KRG552100411,N2 미국 IT TOP5 ETN(H),EN
Q570047,KRG570000478,한투 FTSE100 ETN,EN
Q570050,KRG570000502,한투 S&P500선물 ETN,EN
Q570051,KRG570000510,한투 나스닥100 ETN,EN
Q570059,KRG570000593,한투 레버리지금선물 ETN,EN
Q570060,KRG570000601,한투 인버스2X금선물 ETN,EN
Q570061,KRG570000619,한투 레버리지은선물 ETN,EN
Q570063,KRG570000635,한투 베트남VN30선물 ETN(H),EN
Q570064,KRG570000643,한투 인버스베트남VN30선물 ETN(H),EN
Q570065,KRG570000650,한투 레버리지베트남VN30선물 ETN(H),EN
Q570066,KRG570000668,한투 인버스2X베트남VN30 선물 ETN(H),EN
Q570069,KRG570000692,한투 레버리지플래티넘선물 ETN,EN
Q570070,KRG570000700,한투 인버스2X플래티넘선물 ETN,EN
Q570071,KRG570000718,한투 구리선물 ETN,EN
Q570072,KRG570000726,한투 레버리지구리선물 ETN,EN
Q570073,KRG570000734,한투 인버스2X구리선물 ETN,EN
Q570074,KRG570000742,한투 유럽탄소배출권선물 ETN(H),EN
Q570081,KRG570000817,한투 레버리지코스닥150선물 ETN,EN
Q570082,KRG570000825,한투 인버스2X코스닥150선물 ETN,EN
Q570085,KRG570000858,한투 인도네시아대표원자재 ETN,EN
Q570090,KRG570000908,한투 KIS CD금리투자 ETN,EN
Q570091,KRG570000916,한투 인버스유로스탁스50 ETN(H) C,EN
Q570092,KRG570000924,한투 인버스2X유로스탁스50 ETN(H) B,EN
Q570094,KRG570000940,한투 일본엔선물 ETN C,EN
Q570095,KRG570000957,한투 레버리지일본엔선물 ETN C,EN
Q570096,KRG570000965,한투 인버스2X일본엔선물 ETN,EN
Q570097,KRG570000973,한투 엔달러선물 ETN(H),EN
Q570098,KRG570000981,한투 레버리지엔달러선물 ETN(H),EN
Q570099,KRG570000999,한투 인버스2X엔달러 선물 ETN(H),EN
Q570100,KRG570001005,한투 일본종합상사TOP5 ETN,EN
Q570101,KRG570001013,한투 인버스나스닥100 ETN B,EN
Q570102,KRG570001021,한투 레버리지나스닥100 ETN B,EN
Q570103,KRG570001039,한투 인버스2X나스닥100 ETN B,EN
Q570104,KRG570001047,한투 일본니케이225선물 ETN(H),EN
Q570105,KRG570001054,한투 인버스일본니케이225선물 ETN(H),EN
Q570106,KRG570001062,한투 레버리지일본니케이225선물 ETN(H),EN
Q570107,KRG570001070,한투 인버스2X일본니케이225선물 ETN(H),EN
Q570108,KRG570001088,한투 레버리지국채30년 ETN,EN
Q570109,KRG570001096,한투 레버리지미국채30년 ETN,EN
Q570110,KRG570001104,한투 3X레버리지국채30년 ETN,EN
Q570111,KRG570001112,한투 3X레버리지미국채30년 ETN,EN
Q570114,KRG570001146,한투 S&P500 VIX S/T선물 ETN(H) B,EN
Q570115,KRG570001153,한투 인버스0.5X S&P500 VIX S/T선물 ETN B,EN
Q570116,KRG570001161,한투 레버리지WTI원유선물 ETN B,EN
Q570117,KRG570001179,한투 인버스2XWTI원유선물 ETN B,EN
Q570118,KRG570001187,한투 인버스2X천연가스선물 ETN B,EN
Q570119,KRG570001195,한투 인버스2X은선물 ETN,EN
Q570120,KRG570001203,한투 레버리지천연가스선물 ETN C,EN
Q570121,KRG570001211,한투 금선물 ETN,EN
Q570122,KRG570001229,한투 인버스금선물 ETN,EN
Q570123,KRG570001237,한투 은선물 ETN,EN
Q570124,KRG570001245,한투 인버스은선물 ETN,EN
Q570019,KRG571100194,한투 코스피양매도5%OTM ETN,EN
Q570029,KRG571100293,한투 코스피양매도3%OTM ETN,EN
Q570022,KRG572100227,한투 레버리지S&P500선물 ETN(H),EN
Q570023,KRG572100235,한투 인버스2XS&P500선물 ETN(H),EN
Q580022,KRG580000229,KB 레버리지 금 선물 ETN(H),EN
Q580023,KRG580000237,KB 인버스 2X 금 선물 ETN(H),EN
Q580026,KRG580000260,KB S&P 레버리지 은 선물 ETN(H),EN
Q580032,KRG580000328,KB 레버리지 구리 선물 ETN(H),EN
Q580033,KRG580000336,KB 인버스 2X 구리 선물 ETN(H),EN
Q580034,KRG580000344,KB 레버리지 FANG 플러스 ETN(H),EN
Q580035,KRG580000351,KB S&P 유럽탄소배출권 선물 ETN(H),EN
Q580039,KRG580000393,KB 레버리지 KOSPI 200 선물 ETN,EN
Q580043,KRG580000435,KB 레버리지 KOSDAQ 150 선물 ETN,EN
Q580044,KRG580000443,KB 인버스 2X KOSDAQ 150 선물 ETN,EN
Q580047,KRG580000476,KB 레버리지 항셍테크 선물 ETN(H) B,EN
Q580048,KRG580000484,KB 차이나 대형주 CSI 300 ETN,EN
Q580049,KRG580000492,KB 차이나 중형주 CSI 500 ETN,EN
Q580050,KRG580000500,KB 차이나 과창판 STAR 50 ETN,EN
Q580051,KRG580000518,KB 레버리지 밀 선물 ETN,EN
Q580052,KRG580000526,KB 인버스 2X 밀 선물 ETN,EN
Q580053,KRG580000534,KB 레버리지 콩 선물 ETN,EN
Q580054,KRG580000542,KB 인버스 2X 콩 선물 ETN,EN
Q580056,KRG580000567,KB 일본 로보틱스 TOP 10 ETN,EN
Q580057,KRG580000575,KB 일본 컨슈머 TOP 10 ETN,EN
Q580058,KRG580000583,KB KIS CD금리투자 ETN,EN
Q580059,KRG580000591,KB 미국채 10년 ETN,EN
Q580060,KRG580000609,KB 레버리지 미국채 10년 ETN,EN
Q580061,KRG580000617,KB 미국채 30년 ETN,EN
Q580062,KRG580000625,KB 레버리지 미국채 30년 ETN,EN
Q580063,KRG580000633,KB 레버리지 미국채 10년 선물 ETN,EN
Q580064,KRG580000641,KB 인버스 2X 미국채 10년 선물 ETN,EN
Q580065,KRG580000658,KB 코스닥 150 TR ETN,EN
Q580066,KRG580000666,KB 인도 대형 성장주 Select 5 ETN,EN
Q580067,KRG580000674,KB 인도 디지털 Select 5 ETN,EN
Q580068,KRG580000682,KB S&P 레버리지 WTI원유 선물 ETN B,EN
Q580069,KRG580000690,KB S&P 인버스 2X WTI원유 선물 ETN B,EN
Q580070,KRG580000708,KB 레버리지 2차전지 TOP 10 TR ETN,EN
Q580071,KRG580000716,KB 인버스 2X 천연가스 선물 ETN B,EN
Q580072,KRG580000724,KB 화웨이 밸류체인 ETN,EN
Q580073,KRG580000732,KB 레버리지 화웨이 밸류체인 ETN,EN
Q580074,KRG580000740,KB BYD 밸류체인 ETN,EN
Q580075,KRG580000757,KB 레버리지 BYD 밸류체인 ETN,EN
Q580076,KRG580000765,KB 레버리지 미국 나스닥 100 TR ETN B,EN
Q580077,KRG580000773,KB 인버스 2X 미국 나스닥 100 TR ETN B,EN
Q580078,KRG580000781,KB 은 선물 ETN,EN
Q580079,KRG580000799,KB 레버리지 은 선물 ETN,EN
Q580080,KRG580000807,KB 인버스 은 선물 ETN,EN
Q580081,KRG580000815,KB 인버스 2X 은 선물 ETN,EN
Q580082,KRG580000823,KB 레버리지 반도체 TOP10 TR ETN,EN
Q580083,KRG580000831,KB 레버리지 미국 S&P500 선물 ETN B,EN
Q580084,KRG580000849,KB 인버스 2X 미국 S&P500 선물 ETN B,EN
Q580085,KRG580000856,KB 솔랙티브 천연가스 선물 ETN,EN
Q580086,KRG580000864,KB 솔랙티브 레버리지 천연가스 선물 ETN,EN
Q580087,KRG580000872,KB 솔랙티브 인버스 천연가스 선물 ETN,EN
Q580088,KRG580000880,KB 인버스 2X KOSPI 200 선물 ETN B,EN
Q580010,KRG581100101,KB Wise 분할매매 ETN,EN
Q610001,KRG610000017,메리츠 인플레이션 국채 ETN,EN
Q610003,KRG610000033,메리츠 미국 인플레이션 국채 ETN(H),EN
Q610007,KRG610000074,메리츠 국채30년 ETN,EN
Q610008,KRG610000082,메리츠 레버리지 국채30년 ETN,EN
Q610009,KRG610000090,메리츠 인버스 국채30년 ETN,EN
Q610012,KRG610000124,메리츠 레버리지 금 선물 ETN(H),EN
Q610013,KRG610000132,메리츠 인버스 2X 금 선물 ETN(H),EN
Q610018,KRG610000181,메리츠 국채10년 ETN,EN
Q610020,KRG610000207,메리츠 인버스 국채10년 ETN,EN
Q610022,KRG610000223,메리츠 미국채10년 ETN(H),EN
Q610023,KRG610000231,메리츠 레버리지 미국채10년 ETN(H),EN
Q610024,KRG610000249,메리츠 인버스 미국채10년 ETN(H),EN
Q610025,KRG610000256,메리츠 인버스 2X 미국채10년 ETN(H),EN
Q610028,KRG610000280,메리츠 레버리지 구리 선물 ETN(H),EN
Q610029,KRG610000298,메리츠 인버스 2X 구리 선물 ETN(H),EN
Q610030,KRG610000306,메리츠 S&P 유럽탄소배출권 선물 ETN(H),EN
Q610034,KRG610000348,메리츠 대표 농산물 선물 ETN(H),EN
Q610035,KRG610000355,메리츠 레버리지 대표 농산물 선물 ETN(H),EN
Q610036,KRG610000363,메리츠 인버스 2X 대표 농산물 선물 ETN(H),EN
Q610037,KRG610000371,메리츠 미국채30년 ETN(H),EN
Q610038,KRG610000389,메리츠 레버리지 미국채30년 ETN(H),EN
Q610039,KRG610000397,메리츠 인버스 미국채30년 ETN(H),EN
Q610040,KRG610000405,메리츠 인버스 2X 미국채30년 ETN(H),EN
Q610045,KRG610000454,메리츠 국채3년 ETN,EN
Q610047,KRG610000470,메리츠 인버스 국채3년 ETN,EN
Q610049,KRG610000496,메리츠 국채5년 ETN,EN
Q610051,KRG610000512,메리츠 인버스 국채5년 ETN,EN
Q610055,KRG610000553,메리츠 3X 레버리지 국채3년 ETN,EN
Q610056,KRG610000561,메리츠 인버스 3X 국채3년 ETN,EN
Q610057,KRG610000579,메리츠 3X 레버리지 국채5년 ETN,EN
Q610058,KRG610000587,메리츠 인버스 3X 국채5년 ETN,EN
Q610059,KRG610000595,메리츠 3X 레버리지 국채10년 ETN,EN
Q610060,KRG610000603,메리츠 인버스 3X 국채10년 ETN,EN
Q610061,KRG610000611,메리츠 3X 레버리지 국채30년 ETN,EN
Q610062,KRG610000629,메리츠 인버스 3X 국채30년 ETN,EN
Q610063,KRG610000637,메리츠 KIS CD금리투자 ETN,EN
Q610064,KRG610000645,메리츠 KAP 통안채 6개월 ETN,EN
Q610066,KRG610000660,메리츠 KAP 통안채 3개월 ETN,EN
Q610068,KRG610000686,메리츠 KAP 일본 엔화 ETN,EN
Q610069,KRG610000694,메리츠 KAP 레버리지 일본 엔화 ETN,EN
Q610070,KRG610000702,메리츠 KAP 인버스 2X 일본 엔화 ETN,EN
Q610071,KRG610000710,메리츠 KAP 중국 위안화 ETN,EN
Q610072,KRG610000728,메리츠 KAP 레버리지 중국 위안화 ETN,EN
Q610073,KRG610000736,메리츠 KAP 인버스 2X 중국 위안화 ETN,EN
Q610074,KRG610000744,메리츠 미국채10년 ETN,EN
Q610075,KRG610000751,메리츠 3X 레버리지 미국채10년 ETN,EN
Q610076,KRG610000769,메리츠 인버스 3X 미국채10년 ETN,EN
Q610077,KRG610000777,메리츠 미국채30년 ETN,EN
Q610078,KRG610000785,메리츠 3X 레버리지 미국채30년 ETN,EN
Q610079,KRG610000793,메리츠 인버스 3X 미국채30년 ETN,EN
Q610080,KRG610000801,메리츠 멕시코 페소화 ETN,EN
Q610081,KRG610000819,메리츠 레버리지 멕시코 페소화 ETN,EN
Q610082,KRG610000827,메리츠 인도 루피화 ETN,EN
Q610083,KRG610000835,메리츠 레버리지 인도 루피화 ETN,EN
Q610084,KRG610000843,메리츠 미국채30년 스트립 ETN(H),EN
Q610085,KRG610000850,메리츠 레버리지 미국채30년 스트립 ETN(H),EN
Q610086,KRG610000868,메리츠 인버스2X 미국채30년 스트립 ETN(H),EN
Q610087,KRG610000876,메리츠 WTI원유 선물 ETN(H),EN
Q610088,KRG610000884,메리츠 레버리지 WTI원유 선물 ETN(H),EN
Q610089,KRG610000892,메리츠 인버스 2X WTI원유 선물 ETN(H),EN
Q610090,KRG610000900,메리츠 일본 국채 10년 ETN,EN
Q610091,KRG610000918,메리츠 3X 레버리지 일본 국채 10년 ETN,EN
Q610092,KRG610000926,메리츠 인버스 일본 국채 10년 ETN,EN
Q610093,KRG610000934,메리츠 인버스 3X 일본 국채 10년 ETN,EN
Q610094,KRG610000942,메리츠 천연가스 선물 ETN(H),EN
Q610095,KRG610000959,메리츠 레버리지 천연가스 선물 ETN(H),EN
Q610096,KRG610000967,메리츠 인버스 2X 천연가스 선물 ETN(H),EN
Q610097,KRG610000975,메리츠 미국채30년스트립 커버드콜 ETN(H),EN
Q610098,KRG610000983,메리츠 미국채30년 풋라이트 ETN(H),EN
Q610099,KRG610000991,메리츠 은 선물 ETN(H),EN
Q610100,KRG610001007,메리츠 레버리지 은 선물 ETN(H),EN
Q610101,KRG610001015,메리츠 인버스 2X 은 선물 ETN(H),EN
Q700011,KRG700000117,하나 레버리지 옥수수 선물 ETN(H),EN
Q700012,KRG700000125,하나 인버스 2X 옥수수 선물 ETN(H),EN
Q700013,KRG700000133,하나 레버리지 콩 선물 ETN(H),EN
Q700014,KRG700000141,하나 인버스 2X 콩 선물 ETN(H),EN
Q700017,KRG700000174,하나 레버리지 코스닥150 선물 ETN,EN
Q700018,KRG700000182,하나 인버스 2X 코스닥150 선물 ETN,EN
Q700022,KRG700000224,하나 Solactive US Tech Top 10 ETN(H),EN
Q700023,KRG700000232,하나 Solactive 2X US Tech Top 10 ETN(H),EN
Q700026,KRG700000265,하나 CD금리투자 ETN,EN
Q700027,KRG700000273,하나 반도체 ETN,EN
Q700028,KRG700000281,하나 레버리지 반도체 ETN,EN
Q700029,KRG700000299,하나 S&P 레버리지 WTI원유 선물 ETN B,EN
Q700030,KRG700000307,하나 S&P 인버스 2X WTI원유 선물 ETN B,EN
Q700031,KRG700000315,하나 레버리지 천연가스 선물 ETN(H),EN
Q700032,KRG700000323,하나 인버스 2X 천연가스 선물 ETN(H),EN
Q700033,KRG700000331,하나 K방산TOP10 ETN,EN
Q700034,KRG700000349,하나 레버리지 K방산TOP10 ETN,EN
Q700035,KRG700000356,하나 인버스 2X K방산TOP10 ETN,EN
Q700036,KRG700000364,하나 인버스 2X 반도체 ETN,EN
Q760004,KRG760000049,키움 인버스 미국달러선물 ETN,EN
Q760005,KRG760000056,키움 INDXX 미국테크탑10 ETN,EN
Q760006,KRG760000064,키움 KPOP ETN,EN
Q760007,KRG760000072,키움 코스피 200 TR ETN,EN
Q760008,KRG760000080,키움 코스닥 150 TR ETN,EN
Q760009,KRG760000098,키움 CD금리투자 ETN,EN
Q760010,KRG760000106,키움 2차전지산업 ETN,EN
Q760011,KRG760000114,키움 레버리지 2차전지산업 ETN,EN
Q760012,KRG760000122,키움 반도체TOP10 ETN,EN
Q760013,KRG760000130,키움 레버리지 반도체TOP10 ETN,EN
Q760014,KRG760000148,키움 바이오TOP10 ETN,EN
Q760015,KRG760000155,키움 레버리지 바이오TOP10 ETN,EN
Q760016,KRG760000163,키움 레버리지 조선TOP10 ETN,EN
Q760017,KRG760000171,키움 조선TOP10 ETN,EN
Q760018,KRG760000189,키움 미국달러선물 ETN B,EN
Q760019,KRG760000197,키움 리츠부동산인프라 ETN,EN
Q760020,KRG760000205,키움 레버리지 리츠부동산인프라 ETN,EN
Q760021,KRG760000213,키움 코스피200 선물 달러노출 ETN,EN
Q760022,KRG760000221,키움 K방산 TOP5 ETN,EN
Q760023,KRG760000239,키움 레버리지 K방산 TOP5 ETN,EN
Q760024,KRG760000247,키움 인버스 2X K방산 TOP5 ETN,EN
Q760025,KRG760000254,키움 전력 TOP5 ETN,EN
Q760026,KRG760000262,키움 레버리지 전력 TOP5 ETN,EN
Q760027,KRG760000270,키움 인버스 2X 전력 TOP5 ETN,EN
Q760028,KRG760000288,키움 인버스 2X 반도체TOP10 ETN,EN
900140,KYG5307W1015,엘브이엠씨홀딩스,FS
